id,dispenser,bottle,time,fill_level_grams,recipe,vibration_index
1,red,1536,1720730488,326.9929496879463,12,86.72504342887268
2,red,1537,1720730492,324.6719914817808,12,82.36253935214317
3,red,1538,1720730496,322.51797582586937,12,83.4566568803175
4,red,1539,1720730500,320.0726810593063,12,86.22187318526562
5,red,1540,1720730504,317.68819562287655,12,85.380206867623
6,red,1541,1720730508,315.2547509340385,12,83.02217459397552
7,red,1542,1720730512,312.8435334497659,12,83.89706509585643
8,red,1543,1720730516,310.2834928004093,12,85.13264465268762
9,red,1544,1720730520,307.9068568093012,12,86.04431667414227
10,red,1545,1720730524,305.83630948741325,12,79.16982646267468
11,red,1546,1720730528,303.0765068884701,12,94.85442317467052
12,red,1547,1720730532,300.75326716820774,12,85.33605597236026
13,red,1548,1720730536,298.3980481772507,12,86.08148681423194
14,red,1549,1720730540,295.9261100422589,12,83.3963638391063
15,red,1550,1720730544,293.70915061135656,12,83.4202742748523
16,red,1551,1720730548,291.3114050279099,12,96.12025340472626
17,red,1552,1720730552,289.18093456577606,12,80.93284689153498
18,red,1553,1720730556,286.7366804329937,12,86.53915471089275
19,red,1554,1720730560,284.58959316288116,12,81.47603543429942
20,red,1555,1720730564,282.59546742414994,12,78.02032815429548
21,red,1556,1720730568,280.3662872853611,12,84.75445208516923
22,red,1557,1720730572,278.01864793828605,12,86.88402746568232
23,red,1558,1720730576,275.70786972432177,12,83.5102758909372
24,red,1559,1720730580,273.4344522520744,12,84.93592989080975
25,red,1560,1720730584,270.92226341110734,12,86.67626638690797
26,red,1561,1720730588,268.4042160824881,12,90.03805009914302
27,red,1562,1720730592,266.18342910193854,12,81.9852161641588
28,red,1563,1720730596,263.8822980974405,12,83.5666770072882
29,red,1564,1720730600,261.3727886267528,12,93.02237783099766
30,red,1565,1720730604,259.12056303633256,12,90.89334455324625
31,red,1566,1720730608,257.03288191882456,12,81.8537056521083
32,red,1567,1720730612,254.51492982070974,12,80.28345101797255
33,red,1568,1720730616,251.98555504731505,12,84.0851698997062
34,red,1569,1720730620,249.60259999785873,12,84.74672942341121
35,red,1570,1720730624,247.36609433297633,12,76.77918469652067
36,red,1571,1720730628,245.09057148803223,12,80.92065602826308
37,red,1572,1720730632,242.74560464842705,12,85.2329509335836
38,red,1573,1720730636,240.4470020804123,12,79.829807280203
39,red,1574,1720730640,237.601536099972,12,91.53532153380414
40,red,1575,1720730644,235.4205803423027,12,85.39282327264768
41,red,1576,1720730648,233.12502234494912,12,86.30810273080698
42,red,1577,1720730652,230.48753058032275,12,94.2858043388511
43,red,1578,1720730656,227.86909594904026,12,88.74954532976494
44,red,1579,1720730660,225.23637761325034,12,85.82828096950341
45,red,1580,1720730664,222.7291734943248,12,84.56820307303283
46,red,1581,1720730668,220.22035793720934,12,83.22426316128069
47,red,1582,1720730672,217.79799868607327,12,84.6842541592681
48,red,1583,1720730676,215.22090011799614,12,88.65464564253735
49,red,1584,1720730680,212.7903632469449,12,82.7710287586483
50,red,1585,1720730684,210.12988867288442,12,94.55067028109778
51,red,1586,1720730688,207.80295315615245,12,79.97622512353588
52,red,1587,1720730692,204.99664011522412,12,82.67803672178715
53,red,1588,1720730696,202.16934173481644,12,89.03084013185111
54,red,1589,1720730700,199.6907648347325,12,85.62932003918219
55,red,1590,1720730704,197.2975067715902,12,83.01874374350308
56,red,1591,1720730708,194.58401026316983,12,93.11161202569458
57,red,1592,1720730712,192.07170870392855,12,85.66646244707667
58,red,1593,1720730716,189.63520889668277,12,82.40050670207044
59,red,1594,1720730720,187.07703598494084,12,83.8798219192112
60,red,1595,1720730724,184.41873591655954,12,88.7826215240281
61,red,1596,1720730728,182.11838946907895,12,87.0933327705342
62,red,1597,1720730732,179.9910336222584,12,79.83025680753991
63,red,1598,1720730736,177.87534818025142,12,75.19788834161794
64,red,1599,1720730740,175.19343915138631,12,81.29859108670094
65,red,1600,1720730744,172.66811855891063,12,82.35805955485885
66,red,1601,1720730748,170.25770943002985,12,86.9496315376095
67,red,1602,1720730752,168.0321601098439,12,84.34224254540626
68,red,1603,1720730756,165.38905870052466,12,88.21363301296384
69,red,1604,1720730760,163.0241730223995,12,80.72111751367768
70,red,1605,1720730764,160.15339753712294,12,90.27244755968991
71,red,1606,1720730768,157.98333722972015,12,78.42245693310628
72,red,1607,1720730772,155.54374085069455,12,82.32641273666003
73,red,1608,1720730776,153.2461560410655,12,75.30988184897878
74,red,1609,1720730780,150.63636999149847,12,81.85280244693234
75,red,1610,1720730784,148.1375404095246,12,77.65564701347546
76,red,1611,1720730788,145.34311690595453,12,91.18549199495412
77,red,1612,1720730792,142.71815663890467,12,87.11880209916077
78,red,1613,1720730796,140.20372552134185,12,81.58900183570832
79,red,1614,1720730800,137.62108380015968,12,82.14271459197703
80,red,1615,1720730804,135.07867100999974,12,85.96464122876556
81,red,1616,1720730808,132.8491764693193,12,76.35989866645046
82,red,1617,1720730812,130.22977605304456,12,85.68326363468225
83,red,1618,1720730816,127.52191956261002,12,89.85479351833399
84,red,1619,1720730820,125.23816861325876,12,85.48650604786943
85,red,1620,1720730824,123.01520771469598,12,76.69736843593891
86,red,1621,1720730828,120.35628577810203,12,86.27473988332032
87,red,1622,1720730832,118.13690873986793,12,80.36302011902465
88,red,1623,1720730836,115.67079434145185,12,86.35201702051657
89,red,1624,1720730840,113.07798052686704,12,86.05155309458232
90,red,1625,1720730844,110.55018957062377,12,88.22731909531772
91,red,1626,1720730848,107.98467712395308,12,83.05361238532768
92,red,1627,1720730852,105.47234107791077,12,82.46452703716744
93,red,1628,1720730856,103.041960194185,12,84.59267500788647
94,red,1629,1720730860,100.64666256260634,12,87.99763048984967
95,red,1630,1720730864,98.4313792011742,12,78.54402202555696
96,red,1631,1720730868,96.07334013272028,12,77.94885052592575
97,red,1632,1720730872,93.37475277491542,12,85.60692027143405
98,red,1633,1720730876,91.05806743498374,12,77.04533764154772
99,red,1634,1720730880,88.5067145593016,12,82.30225788347776
100,red,1635,1720730884,86.01617177737971,12,78.00200122200998
101,red,1636,1720730888,83.21159013453065,12,91.1609921435129
102,red,1637,1720730892,80.7251781441014,12,84.91659869536589
103,red,1638,1720730896,78.33892417684652,12,91.37454235560665
104,red,1639,1720730900,76.19180367597568,12,84.69502506428557
105,red,1640,1720730904,73.6325187208488,12,82.36483557343867
106,red,1641,1720730908,71.33665504175376,12,88.6863693333574
107,red,1642,1720730912,68.92580950381341,12,91.0337065185948
108,red,1643,1720730916,66.50949618957699,12,84.7140726266066
109,red,1644,1720730920,64.12959234133072,12,79.50513329072889
110,red,1645,1720730924,61.33556103928682,12,87.1689694411183
111,red,1646,1720730928,58.84761948435854,12,85.82406748485197
112,red,1647,1720730932,56.222139952450455,12,90.52785921159392
113,red,1648,1720730936,53.809585213309404,12,82.65716725108217
114,red,1649,1720730940,51.6733026661962,12,76.75245600241908
115,red,1650,1720730944,49.0260000054857,12,90.55813301649894
116,red,1651,1720730948,46.70364406490244,12,79.42435882571867
117,red,1652,1720730952,44.46541932189909,12,76.31705197179106
118,red,1653,1720730956,42.032810584442124,12,84.33663639366029
119,red,1654,1720730960,39.759310788026355,12,84.9929511799044
120,red,1655,1720730964,37.06451351859624,12,91.83521949099523
121,red,1656,1720730968,34.64859572893037,12,88.25874335795586
122,red,1657,1720730972,32.08670455494289,12,84.25076900064593
123,red,1658,1720730976,29.555584163403857,12,85.11224048579223
124,red,1659,1720730980,27.246909838646168,12,81.95738026060093
125,red,1660,1720730984,24.765608999599554,12,88.2592337190225
126,red,1661,1720730988,22.231313669849357,12,87.55041358758426
127,red,1662,1720730992,19.67045694116882,12,87.23182639551774
128,red,1663,1720730996,17.376167179318706,12,83.39423623920274
129,red,1664,1720731000,14.837492960077075,12,87.29242331084797
130,red,1665,1720731004,12.449637769586172,12,83.99230573649247
131,red,1666,1720731008,10.094767845811335,12,86.66477035318759
132,red,1667,1720731012,7.679696924017838,12,81.57860238372363
133,red,1668,1720731016,5.203145329547871,12,84.33690498852253
134,red,1669,1720731020,0.0,12,15.045972010810651
135,red,1670,1720731024,0.0,12,16.496067904161244
136,red,1671,1720731028,0.0,12,16.693067770022147
137,red,1672,1720731032,0.0,12,15.894239437407641
138,red,1673,1720731036,800.0,12,11.005591358051504
139,red,1674,1720731040,797.4403088333073,12,82.08913787645045
140,red,1675,1720731044,794.9837458391556,12,78.76446684848945
141,red,1676,1720731048,792.7471644919087,12,73.71540114362904
142,red,1677,1720731052,789.9955065764232,12,81.37521787314458
143,red,1678,1720731056,787.4051974643298,12,85.05503065233302
144,red,1679,1720731060,784.9182750540087,12,81.20196465432358
145,red,1680,1720731064,782.1263545972915,12,82.97563739683143
146,red,1681,1720731068,779.5404336343424,12,77.36059364164487
147,red,1682,1720731072,777.103395703363,12,80.67586697279208
148,red,1683,1720731076,774.6124566443297,12,80.56967597524664
149,red,1684,1720731080,772.205727444024,12,78.84753694700346
150,red,1685,1720731084,769.7852294169084,12,77.19483623395445
151,red,1686,1720731088,767.2230797062838,12,77.376490570544
152,red,1687,1720731092,764.9100859583834,12,75.5224715584211
153,red,1688,1720731096,762.5799393855962,12,78.82337002036917
154,red,1689,1720731100,759.9248110056944,12,84.34908548818261
155,red,1690,1720731104,757.911490365347,12,70.40443883983701
156,red,1691,1720731108,755.2396196867542,12,84.50476247776967
157,red,1692,1720731112,753.020241888886,12,73.35544677284906
158,red,1693,1720731116,750.5660262632671,12,80.52929897417638
159,red,1694,1720731120,748.1219366685897,12,87.37274456301527
160,red,1695,1720731124,745.8408948853684,12,79.15880712836702
161,red,1696,1720731128,743.5696776003257,12,81.79747579728581
162,red,1697,1720731132,741.5663467785201,12,78.25530929392004
163,red,1698,1720731136,738.9877266453958,12,79.72698137266816
164,red,1699,1720731140,736.2106606999736,12,83.06076283595783
165,red,1700,1720731144,733.7334709167392,12,82.1108212652348
166,red,1701,1720731148,731.4138504307256,12,82.98845563721909
167,red,1702,1720731152,728.9367966876885,12,78.18672326791251
168,red,1703,1720731156,726.2723163193907,12,82.63545178977007
169,red,1704,1720731160,723.8244669174886,12,74.04325192282089
170,red,1705,1720731164,720.9745593642153,12,84.11780967785461
171,red,1706,1720731168,718.5939702111326,12,84.89649008662333
172,red,1707,1720731172,716.2044213389901,12,82.47701398059777
173,red,1708,1720731176,713.4805764423921,12,86.80400598263692
174,red,1709,1720731180,710.9135748380121,12,81.61974601677512
175,red,1710,1720731184,708.2278082158786,12,88.72719871212368
176,red,1711,1720731188,705.8282898279989,12,80.31918246093578
177,red,1712,1720731192,703.2723347650236,12,80.00997317400157
178,red,1713,1720731196,701.0315825717834,12,71.62101227517351
179,red,1714,1720731200,698.354862695914,12,88.41207326965798
180,red,1715,1720731204,696.2155175131935,12,79.69928808994743
181,red,1716,1720731208,693.8566761596118,12,81.02442114051988
182,red,1717,1720731212,691.4246564441486,12,79.69977282793664
183,red,1718,1720731216,688.9629286463247,12,84.596137830357
184,red,1719,1720731220,686.4515748609587,12,85.11587144281405
185,red,1720,1720731224,683.8552331024486,12,82.55789063919275
186,red,1721,1720731228,681.2675832124589,12,80.82978266903488
187,red,1722,1720731232,678.8000614528379,12,84.98238806593288
188,red,1723,1720731236,676.3794246543699,12,79.25472490031625
189,red,1724,1720731240,673.8457918926309,12,82.7409623848917
190,red,1725,1720731244,671.2006927671764,12,88.47412768365807
191,red,1726,1720731248,669.2736559112514,12,72.54532567155988
192,red,1727,1720731252,666.6720719130669,12,78.64150397951477
193,red,1728,1720731256,664.082589940521,12,82.76026509110672
194,red,1729,1720731260,661.6692645633614,12,79.59212245149708
195,red,1730,1720731264,658.9504167971457,12,81.66253342821544
196,red,1731,1720731268,656.4552050932418,12,79.27495761074472
197,red,1732,1720731272,653.904533785594,12,80.73229493027884
198,red,1733,1720731276,651.1985722144606,12,82.26284747448557
199,red,1734,1720731280,648.6074109681964,12,84.02293257847577
200,red,1735,1720731284,646.2566578121797,12,81.09190949927886
201,red,1736,1720731288,643.7355106936769,12,80.61471818943266
202,red,1737,1720731292,641.3095177434863,12,77.46815864837801
203,red,1738,1720731296,638.9329939499571,12,80.55666691036885
204,red,1739,1720731300,636.4523148688206,12,83.64193119309225
205,red,1740,1720731304,634.2764651440132,12,71.9058695608297
206,red,1741,1720731308,631.9036699976143,12,75.00104447538402
207,red,1742,1720731312,629.4209185479873,12,78.33507294987442
208,red,1743,1720731316,626.7754647157194,12,88.63736465329895
209,red,1744,1720731320,624.6585699189187,12,80.80662764790199
210,red,1745,1720731324,622.2632515285401,12,83.16388958526699
211,red,1746,1720731328,619.7769469276927,12,78.75156622511594
212,red,1747,1720731332,616.8683441554638,12,84.06830657137455
213,red,1748,1720731336,614.1269805531668,12,88.25212223351546
214,red,1749,1720731340,612.1051365946856,12,73.84285028387553
215,red,1750,1720731344,609.6795245052257,12,82.9585809412684
216,red,1751,1720731348,607.5009632567669,12,79.65239440425968
217,red,1752,1720731352,605.0036170383886,12,88.75449601084024
218,red,1753,1720731356,602.6571121558384,12,80.73437104253838
219,red,1754,1720731360,600.386106911015,12,72.6496852097928
220,red,1755,1720731364,597.8371008015008,12,81.93214152811703
221,red,1756,1720731368,595.450276931342,12,82.80471628687644
222,red,1757,1720731372,592.960907743923,12,82.2635881961082
223,red,1758,1720731376,590.3087702421502,12,81.87211908057357
224,red,1759,1720731380,587.431469331805,12,85.85749096750169
225,red,1760,1720731384,585.2104601567721,12,74.7849675551675
226,red,1761,1720731388,582.8799439608599,12,77.23352091665606
227,red,1762,1720731392,580.2041644764669,12,85.29534445514702
228,red,1763,1720731396,577.5563684694919,12,85.21383960381128
229,red,1764,1720731400,575.1711745683131,12,79.67956857324747
230,red,1765,1720731404,572.6504540144077,12,84.4259172455918
231,red,1766,1720731408,569.9541090566447,12,86.71563924629051
232,red,1767,1720731412,567.762981026778,12,77.74722526779374
233,red,1768,1720731416,565.2538021709531,12,84.15590032317547
234,red,1769,1720731420,562.7155218683583,12,81.91856452606063
235,red,1770,1720731424,560.0578274891744,12,88.11256005888698
236,red,1771,1720731428,557.3814399804259,12,89.78227988972684
237,red,1772,1720731432,555.1084580117531,12,80.4808113554834
238,red,1773,1720731436,552.5236183314399,12,81.96679457818135
239,red,1774,1720731440,549.9980347184273,12,84.01590879521864
240,red,1775,1720731444,547.7717661073334,12,81.24469556316923
241,red,1776,1720731448,545.5982791217616,12,74.57592871266637
242,red,1777,1720731452,543.1134686459754,12,78.42939025016432
243,red,1778,1720731456,540.6341985388358,12,78.83675686900865
244,red,1779,1720731460,537.8985872980628,12,85.25216878891239
245,red,1780,1720731464,535.4961659569145,12,82.03374263112707
246,red,1781,1720731468,533.118718524178,12,82.14259516585035
247,red,1782,1720731472,530.655404342255,12,77.67659456256645
248,red,1783,1720731476,527.9163643341466,12,84.31732859138003
249,red,1784,1720731480,525.473851441282,12,84.3320572564091
250,red,1785,1720731484,523.1340240917033,12,76.96971042223616
251,red,1786,1720731488,520.6458458313612,12,79.47390686322456
252,red,1787,1720731492,518.0331960776319,12,80.68985253071092
253,red,1788,1720731496,515.3733618429873,12,83.60379342928381
254,red,1789,1720731500,512.9903061310109,12,78.83089662977802
255,red,1790,1720731504,510.5330155766916,12,74.03008696721481
256,red,1791,1720731508,507.6840202881202,12,88.86466769886628
257,red,1792,1720731512,505.51642893719765,12,80.77054764637904
258,red,1793,1720731516,503.39698562279324,12,76.22028934328146
259,red,1794,1720731520,500.6518657969105,12,88.25811064655677
260,red,1795,1720731524,498.12000524013314,12,81.01099025959726
261,red,1796,1720731528,495.3965038549612,12,84.52431038459572
262,red,1797,1720731532,493.1637687064236,12,79.08313817226723
263,red,1798,1720731536,490.89221381008986,12,76.28554326176523
264,red,1799,1720731540,488.2658666548676,12,84.754852425522
265,red,1800,1720731544,486.0286591177341,12,80.52300175133696
266,red,1801,1720731548,483.5303719016672,12,80.60384447443371
267,red,1802,1720731552,480.95702777782844,12,81.78575079686746
268,red,1803,1720731556,478.59760164625527,12,79.95460993796357
269,red,1804,1720731560,476.2646449258093,12,81.64572314682853
270,red,1805,1720731564,474.19809210499733,12,75.11088868610538
271,red,1806,1720731568,471.7390661171574,12,79.2803113558758
272,red,1807,1720731572,468.99647255538974,12,86.93591500537924
273,red,1808,1720731576,466.5751549135419,12,75.25906084131285
274,red,1809,1720731580,464.1002401055765,12,75.64426827082545
275,red,1810,1720731584,461.5504859717045,12,84.11400046585429
276,red,1811,1720731588,458.81223989593826,12,88.73092672877371
277,red,1812,1720731592,456.60164386298317,12,79.43205783345375
278,red,1813,1720731596,454.3813791663128,12,75.50848577982205
279,red,1814,1720731600,451.7072064902126,12,85.69460076028587
280,red,1815,1720731604,449.07043269303813,12,85.64977287242363
281,red,1816,1720731608,446.67645024707576,12,80.1092849036558
282,red,1817,1720731612,444.19361211410927,12,79.61750273574023
283,red,1818,1720731616,441.5205319804895,12,86.09183855026899
284,red,1819,1720731620,439.17352526177126,12,80.11913460106004
285,red,1820,1720731624,436.54642877364523,12,79.58923409822224
286,red,1821,1720731628,434.0570651629486,12,77.37419158235575
287,red,1822,1720731632,431.6522497561033,12,78.06413062589587
288,red,1823,1720731636,429.0531412702011,12,80.04560007118697
289,red,1824,1720731640,426.41048692597525,12,80.95705606068172
290,red,1825,1720731644,423.4436086964877,12,82.49198966733573
291,red,1826,1720731648,420.6904582897381,12,72.69373254244184
292,red,1827,1720731652,417.72301815242974,12,82.16727177157242
293,red,1828,1720731656,415.31218257982096,12,81.02316553202871
294,red,1829,1720731660,412.9881769530153,12,72.74411121067045
295,red,1830,1720731664,410.3360326629448,12,79.68141819223399
296,red,1831,1720731668,407.6646810644832,12,81.61266994622
297,red,1832,1720731672,405.1274034674459,12,82.04983638258267
298,red,1833,1720731676,402.40499441378887,12,85.74179925561127
299,red,1834,1720731680,399.7379571087884,12,77.38760820195147
300,red,1835,1720731684,397.03671566405416,12,81.22924258474897
301,red,1836,1720731688,394.3578837694912,12,83.60877791525047
302,red,1837,1720731692,391.5714008092628,12,84.98585236931031
303,red,1838,1720731696,389.236121852793,12,80.94393629377515
304,red,1839,1720731700,386.55712438900065,12,89.02607045214437
305,red,1840,1720731704,384.4584232191462,12,78.37902263165546
306,red,1841,1720731708,381.72095966067474,12,86.52127303548622
307,red,1842,1720731712,379.41156616915794,12,82.0151907681913
308,red,1843,1720731716,376.963797498142,12,80.10827186326885
309,red,1844,1720731720,374.09860022872726,12,86.37076675889466
310,red,1845,1720731724,371.7556670432675,12,85.98605784555922
311,red,1846,1720731728,369.3816376178538,12,87.58180557603508
312,red,1847,1720731732,367.1617069108966,12,79.54558984752691
313,red,1848,1720731736,364.6802947702179,12,85.93501972177835
314,red,1849,1720731740,362.48354802426087,12,79.50166404007987
315,red,1850,1720731744,359.99420377498785,12,82.53441018297573
316,red,1851,1720731748,357.4832301991232,12,79.36033669587253
317,red,1852,1720731752,355.16840335726397,12,75.0862954974994
318,red,1853,1720731756,352.5078488669932,12,86.62897079705859
319,red,1854,1720731760,350.0204920870836,12,87.24522913819524
320,red,1855,1720731764,347.33798426314047,12,86.38463796488747
321,red,1856,1720731768,344.7181544930239,12,82.03025551056918
322,red,1857,1720731772,342.4995490742018,12,74.83382124023946
323,red,1858,1720731776,340.24544848007343,12,74.67671703394213
324,red,1859,1720731780,337.5056603369947,12,82.52427647193696
325,red,1860,1720731784,335.03909202447613,12,78.4451328721916
326,red,1861,1720731788,332.49250580954646,12,77.52281054489318
327,red,1862,1720731792,329.6306909563374,12,89.9829495886931
328,red,1863,1720731796,327.39288190146965,12,82.3288670064789
329,red,1864,1720731800,324.788098180129,12,83.64329725066987
330,red,1865,1720731804,322.28438977788505,12,86.67787535563083
331,red,1866,1720731808,320.1202908496985,12,77.44804913211361
332,red,1867,1720731812,317.7614544250527,12,70.31067794369399
333,red,1868,1720731816,314.8245325904668,12,86.70661400774661
334,red,1869,1720731820,312.6997793708833,12,72.22635440306945
335,red,1870,1720731824,310.2520915974953,12,80.75572644281915
336,red,1871,1720731828,307.9223073495626,12,80.96767102048231
337,red,1872,1720731832,305.5884292853156,12,80.23573552432664
338,red,1873,1720731836,302.85383492146224,12,90.32059596569688
339,red,1874,1720731840,300.3889284678557,12,79.11074852860821
340,red,1875,1720731844,297.90482057052105,12,81.93935769766081
341,red,1876,1720731848,295.15925987749654,12,86.92969254337986
342,red,1877,1720731852,292.8488637195829,12,79.09723069423812
343,red,1878,1720731856,290.56787851772106,12,85.34803962027347
344,red,1879,1720731860,288.3469512770756,12,83.57161557502226
345,red,1880,1720731864,286.00713758263737,12,78.48860000623411
346,red,1881,1720731868,283.1497468539909,12,83.4583997903833
347,red,1882,1720731872,280.3003538107071,12,83.75683237992138
348,red,1883,1720731876,277.6853525774351,12,84.68095946533276
349,red,1884,1720731880,275.13639463153817,12,83.85764246161644
350,red,1885,1720731884,272.6993241992674,12,81.71873400447886
351,red,1886,1720731888,270.47394011075266,12,79.56620047528052
352,red,1887,1720731892,268.2130065511049,12,78.81422453110373
353,red,1888,1720731896,265.63522267038735,12,76.0667269601299
354,red,1889,1720731900,263.3561095157095,12,72.4318139932991
355,red,1890,1720731904,260.87110070126937,12,78.59141909086271
356,red,1891,1720731908,257.96888940232844,12,90.85856633108612
357,red,1892,1720731912,255.69197457677967,12,74.87514390481327
358,red,1893,1720731916,252.79470992707815,12,82.41625254308148
359,red,1894,1720731920,250.28039841943954,12,79.95999834690868
360,red,1895,1720731924,248.08888107475428,12,72.9635214661025
361,red,1896,1720731928,245.51145613564128,12,81.22987817131175
362,red,1897,1720731932,243.030668521961,12,79.44154008527045
363,red,1898,1720731936,240.28358152607697,12,75.95400770313057
364,red,1899,1720731940,237.4680970864553,12,86.7890052871394
365,red,1900,1720731944,235.17281733220938,12,82.85165650507034
366,red,1901,1720731948,232.81551796560464,12,82.35949729068855
367,red,1902,1720731952,230.11418362861897,12,86.85973920957447
368,red,1903,1720731956,227.1869074284675,12,93.1229518982035
369,red,1904,1720731960,224.62373535245297,12,83.08632400945693
370,red,1905,1720731964,221.90168773266691,12,82.17502009955324
371,red,1906,1720731968,219.30207832593447,12,80.69815864643802
372,red,1907,1720731972,216.57295389356437,12,88.38368941518317
373,red,1908,1720731976,213.94096262164305,12,84.23972372522465
374,red,1909,1720731980,211.1420013209481,12,88.26766365918046
375,red,1910,1720731984,208.43401294310948,12,89.5991132113146
376,red,1911,1720731988,205.78681359742305,12,81.33003637107439
377,red,1912,1720731992,203.12871713674883,12,84.99749369670775
378,red,1913,1720731996,200.68239719867648,12,84.56303978439868
379,red,1914,1720732000,198.24822284047244,12,79.26437102603734
380,red,1915,1720732004,195.69353675543832,12,78.3147937387243
381,red,1916,1720732008,193.43780589724514,12,78.43016293398034
382,red,1917,1720732012,191.04512857687564,12,81.39435315632456
383,red,1918,1720732016,188.50526234692353,12,89.54904662665436
384,red,1919,1720732020,185.89553924815422,12,87.97668642193783
385,red,1920,1720732024,183.22345824970907,12,83.55759550490603
386,red,1921,1720732028,180.67039766465723,12,88.68181794652519
387,red,1922,1720732032,178.27496018806755,12,84.35794881783085
388,red,1923,1720732036,175.96600036826015,12,78.04019096221188
389,red,1924,1720732040,173.23260671169288,12,87.89958323249476
390,red,1925,1720732044,170.8690336547217,12,80.99509496555184
391,red,1926,1720732048,168.46828622961843,12,73.57918076727084
392,red,1927,1720732052,165.62638577352845,12,84.50316259349259
393,red,1928,1720732056,163.03079464969727,12,79.53509523847168
394,red,1929,1720732060,160.15956483975634,12,86.568120714386
395,red,1930,1720732064,157.88352681354533,12,80.33009698414241
396,red,1931,1720732068,155.7032236549787,12,76.89164396826406
397,red,1932,1720732072,152.89766904588183,12,89.87890240162027
398,red,1933,1720732076,150.33217250351657,12,81.24376886935872
399,red,1934,1720732080,147.7390027297852,12,79.99181748117299
400,red,1935,1720732084,145.39014221704795,12,78.19065814883366
401,red,1936,1720732088,142.88347663283736,12,80.56539174678129
402,red,1937,1720732092,140.31609410354443,12,82.63233136990881
403,red,1938,1720732096,138.13957828521202,12,76.63060450859162
404,red,1939,1720732100,135.96480567165534,12,77.77565533055092
405,red,1940,1720732104,133.4064924105641,12,90.6211106180622
406,red,1941,1720732108,131.1171599355689,12,78.37533583064294
407,red,1942,1720732112,128.46626312249253,12,83.73332395433587
408,red,1943,1720732116,125.98368786592222,12,84.2353195570317
409,red,1944,1720732120,123.980677961661,12,74.57390782470607
410,red,1945,1720732124,121.42450581724472,12,82.40439232204118
411,red,1946,1720732128,118.42249154014203,12,89.04693586847382
412,red,1947,1720732132,115.63522603561688,12,85.56524437231145
413,red,1948,1720732136,113.06297375836509,12,82.17511114648745
414,red,1949,1720732140,110.2171375054698,12,85.68428390163527
415,red,1950,1720732144,107.45679967385402,12,86.59651366507863
416,red,1951,1720732148,105.27167692206413,12,74.39822071536287
417,red,1952,1720732152,102.60143713527151,12,79.18686896685809
418,red,1953,1720732156,99.80170960999016,12,87.25775111618493
419,red,1954,1720732160,97.00294587170731,12,86.99209154031242
420,red,1955,1720732164,94.54156083767155,12,82.74000370606916
421,red,1956,1720732168,91.96774886562666,12,81.39906951789864
422,red,1957,1720732172,89.00740282667503,12,87.49446336747094
423,red,1958,1720732176,86.35066856038081,12,92.19310805695298
424,red,1959,1720732180,84.20519503266861,12,84.95449775997494
425,red,1960,1720732184,81.70068197864245,12,82.23462971309574
426,red,1961,1720732188,79.09686125839984,12,80.56555551174746
427,red,1962,1720732192,76.23078311906461,12,87.17593158784464
428,red,1963,1720732196,74.01334060117057,12,76.97570488072158
429,red,1964,1720732200,71.53276132528231,12,81.41301478462185
430,red,1965,1720732204,68.50537741562319,12,94.36159358227881
431,red,1966,1720732208,66.09601163953482,12,86.6782269898581
432,red,1967,1720732212,63.707815185837795,12,74.2775929566557
433,red,1968,1720732216,60.9348969666429,12,86.8538101493678
434,red,1969,1720732220,58.71264917197922,12,79.63561230551869
435,red,1970,1720732224,56.200331837325756,12,76.83185657096793
436,red,1971,1720732228,53.69305863794916,12,75.96803221588691
437,red,1972,1720732232,50.945062221280025,12,90.61556588016776
438,red,1973,1720732236,48.44919484693542,12,88.8979189391544
439,red,1974,1720732240,46.137633493506335,12,78.63896036248705
440,red,1975,1720732244,43.42953363496619,12,82.45538013686603
441,red,1976,1720732248,41.04917847505205,12,76.2754143681479
442,red,1977,1720732252,38.315697877001185,12,86.46971500859526
443,red,1978,1720732256,36.02571573091134,12,80.1326047809021
444,red,1979,1720732260,33.91105570909897,12,73.5473301212813
445,red,1980,1720732264,31.389286322248427,12,85.23010615678915
446,red,1981,1720732268,29.083683784840673,12,83.05691412876466
447,red,1982,1720732272,26.672048023696327,12,82.62730874566212
448,red,1983,1720732276,24.029527979482893,12,87.19563010725714
449,red,1984,1720732280,21.65096883462893,12,78.91754319881532
450,red,1985,1720732284,18.925079374913174,12,88.5361012481024
451,red,1986,1720732288,16.28646687297606,12,91.92439491400833
452,red,1987,1720732292,13.798120505157872,12,82.39796376283857
453,red,1988,1720732296,11.06822208382614,12,88.58549527982458
454,red,1989,1720732300,8.508971499214027,12,83.545588453819
455,red,1990,1720732304,6.0864128624369025,12,79.63653905998282
456,red,1991,1720732308,0.0,12,8.954267699527854
457,red,1992,1720732312,0.0,12,15.668349700727745
458,red,1993,1720732316,0.0,12,14.311212933901544
459,red,1994,1720732320,0.0,12,11.860046364456366
460,red,1995,1720732324,0.0,12,14.361975086521724
461,red,1996,1720732328,0.0,12,15.033463004139684
462,red,1997,1720732332,0.0,12,15.510324576231298
463,red,1998,1720732336,0.0,12,10.196105782327528
464,red,1999,1720732340,0.0,12,16.21376517836272
465,red,2000,1720732344,0.0,12,10.300649165390077
466,red,2001,1720732348,0.0,12,12.914692992699933
467,red,2002,1720732352,0.0,12,13.612940812564567
468,red,2003,1720732356,0.0,12,12.817003624904558
469,red,2004,1720732360,0.0,12,15.51124985852698
470,red,2005,1720732364,0.0,12,12.427816176583143
471,red,2006,1720732368,797.353844456544,12,79.49366179811928
472,red,2007,1720732372,794.9816867811701,12,76.00043088363053
473,red,2008,1720732376,792.8692921442815,12,70.88850928022183
474,red,2009,1720732380,790.228569210736,12,80.54365747674545
475,red,2010,1720732384,787.5261099871093,12,77.41416980879859
476,red,2011,1720732388,784.848335452363,12,71.1209475099514
477,red,2012,1720732392,782.2287765392128,12,74.59233357089816
478,red,2013,1720732396,779.5085882551886,12,81.00371440515467
479,red,2014,1720732400,776.6407345791717,12,85.61706790382709
480,red,2015,1720732404,773.9126831924316,12,82.97226509367073
481,red,2016,1720732408,771.3913653185604,12,78.31702661344997
482,red,2017,1720732412,768.8365975864884,12,79.89544637930335
483,red,2018,1720732416,766.1731117191368,12,87.13223799187205
484,red,2019,1720732420,763.5725177604793,12,85.77658777294194
485,red,2020,1720732424,760.7097715225084,12,86.63784038740597
486,red,2021,1720732428,758.1676610892774,12,77.11660413274979
487,red,2022,1720732432,755.6482532151939,12,79.02648961795943
488,red,2023,1720732436,752.9979203624633,12,85.31348943293774
489,red,2024,1720732440,750.4897470586103,12,80.0459284807983
490,red,2025,1720732444,748.0920336086198,12,74.13416935499545
491,red,2026,1720732448,745.4497309518399,12,78.70124350588816
492,red,2027,1720732452,743.0094790797021,12,79.93946005439653
493,red,2028,1720732456,740.5842376011061,12,77.56084483777384
494,red,2029,1720732460,738.1820454038252,12,73.17746261849429
495,red,2030,1720732464,735.4991610772342,12,77.11618991020333
496,red,2031,1720732468,733.0653607441462,12,74.5767763717318
497,red,2032,1720732472,730.4130948976104,12,77.15554048614452
498,red,2033,1720732476,728.0360959661303,12,78.06889669772372
499,red,2034,1720732480,725.9211405234965,12,73.31258850898186
500,red,2035,1720732484,723.3058901722952,12,84.44490455722067
501,red,2036,1720732488,721.0189060728619,12,75.64758579493159
502,red,2037,1720732492,718.3216553583767,12,84.4552913824055
503,red,2038,1720732496,716.127448471906,12,80.14161740884539
504,red,2039,1720732500,713.5802186145428,12,87.76735831585168
505,red,2040,1720732504,711.1546205973366,12,85.44922524270785
506,red,2041,1720732508,709.032065737347,12,75.15383005895328
507,red,2042,1720732512,706.4664082859271,12,79.39042743536444
508,red,2043,1720732516,703.5597426757355,12,87.09489536919259
509,red,2044,1720732520,701.109484180314,12,80.67232120750435
510,red,2045,1720732524,698.5950655868382,12,78.767154629616
511,red,2046,1720732528,696.0367351570819,12,74.63364820532291
512,red,2047,1720732532,693.0344171211208,12,89.8930565378634
513,red,2048,1720732536,690.7216196262159,12,73.1619597601286
514,red,2049,1720732540,688.2038778466116,12,75.54845267410792
515,red,2050,1720732544,685.6067924692138,12,77.5026803185225
516,red,2051,1720732548,682.9662032718659,12,83.57586748846731
517,red,2052,1720732552,680.3874002368639,12,83.92882033784393
518,red,2053,1720732556,678.0418037391207,12,78.81007147956512
519,red,2054,1720732560,675.565992109637,12,79.35124546814525
520,red,2055,1720732564,672.9137540061919,12,80.91453059256345
521,red,2056,1720732568,670.457114707747,12,76.43053169137379
522,red,2057,1720732572,667.7386803294587,12,82.74753909817476
523,red,2058,1720732576,665.2967211602398,12,75.57326120477663
524,red,2059,1720732580,662.7644834694764,12,73.66889279327924
525,red,2060,1720732584,660.0485566798405,12,81.02735181388604
526,red,2061,1720732588,657.4499838695857,12,81.43608635948148
527,red,2062,1720732592,655.0910871049576,12,69.34787051417402
528,red,2063,1720732596,652.2306313046828,12,83.55457453926431
529,red,2064,1720732600,649.8573347459931,12,79.66402079914347
530,red,2065,1720732604,647.5997125197688,12,75.53523861984264
531,red,2066,1720732608,644.8425310363439,12,88.663990067965
532,red,2067,1720732612,642.6370989183464,12,75.47643696323956
533,red,2068,1720732616,639.9380707364896,12,83.33609348028774
534,red,2069,1720732620,637.2061868526839,12,86.51259894512609
535,red,2070,1720732624,634.4837087593485,12,84.17301735219729
536,red,2071,1720732628,631.8635288537594,12,79.49039982853938
537,red,2072,1720732632,629.425142419739,12,75.5977328495919
538,red,2073,1720732636,626.8242383867185,12,78.9905588265683
539,red,2074,1720732640,623.9007792962714,12,85.87884671019961
540,red,2075,1720732644,621.567720638673,12,72.05422808352911
541,red,2076,1720732648,619.0592083374214,12,74.60343736783373
542,red,2077,1720732652,616.2761284032323,12,79.46389605854857
543,red,2078,1720732656,613.8705470379476,12,71.1007596149122
544,red,2079,1720732660,611.2674626631813,12,78.25249041137829
545,red,2080,1720732664,608.7946747560468,12,81.36607249445491
546,red,2081,1720732668,606.498518808089,12,75.57956089551428
547,red,2082,1720732672,603.7803294442649,12,81.70014707962909
548,red,2083,1720732676,601.0831389193906,12,85.0930312798181
549,red,2084,1720732680,598.902941916355,12,77.59595362116579
550,red,2085,1720732684,596.2718643179062,12,78.42192508810083
551,red,2086,1720732688,593.5688644400466,12,84.60731877479965
552,red,2087,1720732692,590.6481487243999,12,89.32174406075158
553,red,2088,1720732696,587.8803514098208,12,83.5165531795381
554,red,2089,1720732700,585.1712612484293,12,83.2461140118216
555,red,2090,1720732704,582.7089003839735,12,79.56390231710931
556,red,2091,1720732708,579.8538575398798,12,85.90618781146505
557,red,2092,1720732712,577.3782006781348,12,74.32157373193141
558,red,2093,1720732716,574.5528093223281,12,81.94382371164814
559,red,2094,1720732720,571.9299221876222,12,79.43195747366565
560,red,2095,1720732724,569.2189045815422,12,82.86664425039041
561,red,2096,1720732728,566.9522519308148,12,74.77123651347299
562,red,2097,1720732732,564.517667226005,12,80.08242534317395
563,red,2098,1720732736,562.0583677191953,12,84.73974972281688
564,red,2099,1720732740,559.4984200575035,12,84.66814339189993
565,red,2100,1720732744,556.7919801449651,12,92.42326004074349
566,red,2101,1720732748,554.5653911466517,12,79.17018557184483
567,red,2102,1720732752,551.837432625546,12,80.80942190532397
568,red,2103,1720732756,549.179304535733,12,76.30453017741038
569,red,2104,1720732760,546.4763121960385,12,85.30342079930797
570,red,2105,1720732764,544.0381504832185,12,72.05087773535983
571,red,2106,1720732768,541.547105484238,12,76.10623652730986
572,red,2107,1720732772,538.6961098259598,12,86.4328305718772
573,red,2108,1720732776,536.36087090724,12,76.52228633470175
574,red,2109,1720732780,533.8929671624127,12,76.81746888223611
575,red,2110,1720732784,531.089726952434,12,84.88466165949296
576,red,2111,1720732788,528.3102928805635,12,83.78293041637718
577,red,2112,1720732792,525.4436817962365,12,86.74309273730299
578,red,2113,1720732796,523.0459923574263,12,75.65762523397349
579,red,2114,1720732800,520.163970021488,12,86.327688827757
580,red,2115,1720732804,517.7103158493038,12,80.39292947258303
581,red,2116,1720732808,514.9091042002173,12,81.3343100945237
582,red,2117,1720732812,512.4020197821093,12,79.34328973175253
583,red,2118,1720732816,510.14495024787976,12,75.80135468621081
584,red,2119,1720732820,507.53765399632493,12,83.4426523141734
585,red,2120,1720732824,504.93253217940236,12,86.24772309589557
586,red,2121,1720732828,502.4447176765128,12,82.21943956293117
587,red,2122,1720732832,500.067202088146,12,79.33107251580378
588,red,2123,1720732836,497.28467621256056,12,78.87054230545291
589,red,2124,1720732840,494.6350427262275,12,81.10133916418825
590,red,2125,1720732844,492.18152416501187,12,81.54119457456072
591,red,2126,1720732848,489.66807203414686,12,79.03427558181022
592,red,2127,1720732852,487.22595669899005,12,81.75904136033273
593,red,2128,1720732856,485.03531836701745,12,77.75424770468675
594,red,2129,1720732860,482.6917397460869,12,79.29774661080702
595,red,2130,1720732864,479.8764671856227,12,84.73524720749488
596,red,2131,1720732868,477.3437197316696,12,81.76745008605013
597,red,2132,1720732872,475.0546127239325,12,75.62725450126774
598,red,2133,1720732876,472.6234368882337,12,72.7474164974073
599,red,2134,1720732880,469.8934615482488,12,79.33182193177645
600,red,2135,1720732884,467.4837426896542,12,74.74804934627883
601,red,2136,1720732888,464.75362515492634,12,81.41662234000718
602,red,2137,1720732892,461.9758964563835,12,83.17650340448448
603,red,2138,1720732896,459.4765181127361,12,75.79758408158115
604,red,2139,1720732900,456.7780355243782,12,82.99488235211813
605,red,2140,1720732904,454.0931110873827,12,84.82977806232722
606,red,2141,1720732908,451.43982715433947,12,85.08482753094786
607,red,2142,1720732912,448.9961782095096,12,77.27923112287138
608,red,2143,1720732916,446.3904974599913,12,79.12945465459285
609,red,2144,1720732920,443.8016653178082,12,76.80421940561165
610,red,2145,1720732924,441.00984090412715,12,84.73894205110504
611,red,2146,1720732928,438.53925500193685,12,84.45019835954193
612,red,2147,1720732932,436.12544662196615,12,79.44350540039711
613,red,2148,1720732936,433.78190259057817,12,75.15938457535243
614,red,2149,1720732940,431.08736167554105,12,81.76776678494143
615,red,2150,1720732944,428.4421747364027,12,82.49627436920824
616,red,2151,1720732948,426.1040979273309,12,73.86245477062879
617,red,2152,1720732952,423.5982583000162,12,73.22277033976813
618,red,2153,1720732956,420.59831375486283,12,85.25004865633508
619,red,2154,1720732960,418.0452251628949,12,82.89383645136007
620,red,2155,1720732964,415.4558711596544,12,82.71208420244228
621,red,2156,1720732968,412.83634820193504,12,80.20110603532332
622,red,2157,1720732972,410.3335335502701,12,79.11717433605308
623,red,2158,1720732976,407.5326581598315,12,82.05000069314842
624,red,2159,1720732980,404.8777456463757,12,80.97306528486565
625,red,2160,1720732984,402.19513357051716,12,79.52336666858164
626,red,2161,1720732988,399.64548361255436,12,74.64705848056171
627,red,2162,1720732992,397.1869528034173,12,79.08784175995362
628,red,2163,1720732996,394.6347356954467,12,84.61583047549175
629,red,2164,1720733000,392.24888438244045,12,74.25158963407381
630,red,2165,1720733004,389.70311568256227,12,75.97875042906772
631,red,2166,1720733008,387.11033690154756,12,78.86653175301927
632,red,2167,1720733012,384.5317989773545,12,81.05907372488808
633,red,2168,1720733016,381.94731073881053,12,82.95071972658548
634,red,2169,1720733020,379.3138140383552,12,82.50421694930216
635,red,2170,1720733024,376.94928539894545,12,80.22795413133824
636,red,2171,1720733028,374.53673399005135,12,80.2028156194569
637,red,2172,1720733032,371.74286971168004,12,84.18681569921918
638,red,2173,1720733036,369.0270799739485,12,81.57725275316731
639,red,2174,1720733040,366.19540068706374,12,80.14581368256665
640,red,2175,1720733044,363.8055426625097,12,71.45109146996937
641,red,2176,1720733048,360.81727356870834,12,88.01334891292912
642,red,2177,1720733052,358.39943187303464,12,77.48777290784714
643,red,2178,1720733056,355.5613029678446,12,79.12468223327502
644,red,2179,1720733060,352.67799721576716,12,83.50390417097354
645,red,2180,1720733064,350.20780802078406,12,76.8940192223774
646,red,2181,1720733068,347.5657256039811,12,80.5115956700773
647,red,2182,1720733072,345.10557649718237,12,76.71642853608344
648,red,2183,1720733076,342.84025746965995,12,76.83883265564016
649,red,2184,1720733080,340.14056634147965,12,81.23791979617455
650,red,2185,1720733084,337.31973284378944,12,82.1838310463299
651,red,2186,1720733088,335.01559220494687,12,76.51707528991348
652,red,2187,1720733092,332.4856773981507,12,79.1715456570808
653,red,2188,1720733096,329.85996051808297,12,80.85783715803605
654,red,2189,1720733100,327.3901111372728,12,80.38439584391892
655,red,2190,1720733104,324.6719474496066,12,88.67174796561703
656,red,2191,1720733108,322.3488241776229,12,81.59216869155645
657,red,2192,1720733112,319.7190165557832,12,84.76701840742648
658,red,2193,1720733116,317.1920473519892,12,78.66590369286145
659,red,2194,1720733120,314.62484728791316,12,80.94078927756989
660,red,2195,1720733124,312.27642102589965,12,70.49406141298465
661,red,2196,1720733128,309.2306697425809,12,81.5424134649474
662,red,2197,1720733132,306.4873206863322,12,81.16949112074795
663,red,2198,1720733136,303.7610392649094,12,82.83097763109588
664,red,2199,1720733140,301.10250271511313,12,79.51820389126712
665,red,2200,1720733144,298.493327694419,12,79.19635285637351
666,red,2201,1720733148,295.9332211702299,12,85.54789784817126
667,red,2202,1720733152,293.47022272642965,12,81.54854924546733
668,red,2203,1720733156,291.15057907128545,12,73.72139779837559
669,red,2204,1720733160,288.1748872750425,12,85.14034354533165
670,red,2205,1720733164,285.46912984529894,12,81.26304776903069
671,red,2206,1720733168,282.9112061955509,12,79.06271345579897
672,red,2207,1720733172,280.1338630489172,12,84.5625038231835
673,red,2208,1720733176,277.3532550673199,12,87.96597671248735
674,red,2209,1720733180,274.3870640897711,12,89.11364399067246
675,red,2210,1720733184,271.7438409293504,12,84.99076394933292
676,red,2211,1720733188,269.22904827278927,12,77.5395219937253
677,red,2212,1720733192,266.41757990692867,12,80.12466924621877
678,red,2213,1720733196,263.4643767298847,12,86.47978460426886
679,red,2214,1720733200,260.86025021958574,12,76.70231253257403
680,red,2215,1720733204,258.29250941835187,12,81.33536328762712
681,red,2216,1720733208,255.4652711307534,12,85.82565879868304
682,red,2217,1720733212,252.64605374889445,12,87.6782403121468
683,red,2218,1720733216,250.30685678729617,12,81.41039297286515
684,red,2219,1720733220,247.93822380601574,12,75.93509733709178
685,red,2220,1720733224,245.43324916802806,12,82.43832263038816
686,red,2221,1720733228,243.25372989642673,12,73.47370801427525
687,red,2222,1720733232,240.69414005543695,12,72.99944957450087
688,red,2223,1720733236,237.65463140295884,12,84.3618183017309
689,red,2224,1720733240,235.0195814440249,12,78.24411324347058
690,red,2225,1720733244,232.01065276496337,12,83.74919534110168
691,red,2226,1720733248,229.43256907229372,12,77.89985253754682
692,red,2227,1720733252,226.78075484224232,12,84.09976345806643
693,red,2228,1720733256,224.12729251069172,12,84.14667560726718
694,red,2229,1720733260,221.46419856038466,12,91.39741453888136
695,red,2230,1720733264,219.02640712266805,12,84.46160512964926
696,red,2231,1720733268,216.36960469359892,12,84.45143444935526
697,red,2232,1720733272,213.89708225949127,12,81.81565396377542
698,red,2233,1720733276,211.36120816022296,12,84.88552577193659
699,red,2234,1720733280,208.64898131261762,12,81.02243140357031
700,red,2235,1720733284,205.87591532360597,12,85.67034163953852
701,red,2236,1720733288,203.06360709187467,12,87.11902699335697
702,red,2237,1720733292,200.52230854987755,12,78.96502669957479
703,red,2238,1720733296,197.89342719265218,12,83.06075475211084
704,red,2239,1720733300,195.4255699786371,12,81.51237208936394
705,red,2240,1720733304,192.77230350614064,12,81.0478913516158
706,red,2241,1720733308,190.0351896300833,12,79.9666605663385
707,red,2242,1720733312,187.13956383260245,12,82.09910108771962
708,red,2243,1720733316,184.49377260589918,12,81.21421533150108
709,red,2244,1720733320,182.03107676305024,12,73.65258066314422
710,red,2245,1720733324,179.39254773289272,12,81.97576016727551
711,red,2246,1720733328,176.95518047574,12,80.85275383575477
712,red,2247,1720733332,174.40786165941682,12,83.5112730450316
713,red,2248,1720733336,171.84868155693445,12,82.31084755379185
714,red,2249,1720733340,169.33103033507908,12,80.60029645509093
715,red,2250,1720733344,166.85878087856833,12,78.92239461424006
716,red,2251,1720733348,164.27014947893474,12,82.80968846400569
717,red,2252,1720733352,161.81845112670283,12,84.4746153872685
718,red,2253,1720733356,159.30222546947968,12,73.31162668590936
719,red,2254,1720733360,156.3808607768574,12,87.87792707093311
720,red,2255,1720733364,154.0088470164402,12,76.85263430467623
721,red,2256,1720733368,151.2511473265909,12,81.3475974494266
722,red,2257,1720733372,148.38961160269432,12,88.66415295483517
723,red,2258,1720733376,145.88062893931175,12,87.55298189590918
724,red,2259,1720733380,143.42747834032699,12,84.29042575435636
725,red,2260,1720733384,140.73823342814075,12,83.1730254027857
726,red,2261,1720733388,138.08805957160274,12,82.60778842592019
727,red,2262,1720733392,135.49546790159636,12,77.7954665665992
728,red,2263,1720733396,132.88764973322208,12,75.30391969018815
729,red,2264,1720733400,130.03803611767694,12,86.59849206881763
730,red,2265,1720733404,127.51414586321067,12,85.51393687892012
731,red,2266,1720733408,124.60292026722827,12,87.72847691208723
732,red,2267,1720733412,121.62461639368098,12,81.69450163550876
733,red,2268,1720733416,118.69477624798247,12,83.5460548124382
734,red,2269,1720733420,116.12665402039822,12,80.29479281114978
735,red,2270,1720733424,113.78882169889596,12,79.58005278904129
736,red,2271,1720733428,111.40289869841442,12,80.89332775650267
737,red,2272,1720733432,109.1239565153753,12,79.19817935973042
738,red,2273,1720733436,106.54771932282594,12,86.39698954290962
739,red,2274,1720733440,104.09472796381053,12,78.05494375865847
740,red,2275,1720733444,101.17970030743447,12,90.13997287842544
741,red,2276,1720733448,98.67397324284485,12,78.35628642681452
742,red,2277,1720733452,95.92336145943285,12,80.6400963270936
743,red,2278,1720733456,92.8156313869851,12,86.9578714083959
744,red,2279,1720733460,89.99056077483567,12,84.12374579531001
745,red,2280,1720733464,87.30338223941077,12,88.32678195713513
746,red,2281,1720733468,85.10004820111897,12,78.30189749070743
747,red,2282,1720733472,82.76779369648415,12,73.14765417670625
748,red,2283,1720733476,80.01995005598096,12,84.07836648939342
749,red,2284,1720733480,77.11249523129035,12,90.50844691038449
750,red,2285,1720733484,74.46331620284856,12,80.62336532351989
751,red,2286,1720733488,71.84574141381972,12,78.06705351391176
752,red,2287,1720733492,69.13485159540198,12,87.74939123582666
753,red,2288,1720733496,66.43232052095202,12,86.96342621456343
754,red,2289,1720733500,63.715072715828555,12,82.68901132084729
755,red,2290,1720733504,61.09245720838219,12,84.03242517761117
756,red,2291,1720733508,58.32491047273503,12,86.5706060849718
757,red,2292,1720733512,56.00782740960912,12,77.93310851710696
758,red,2293,1720733516,53.33885940827804,12,82.73048823375409
759,red,2294,1720733520,50.819946765743076,12,83.95339104474766
760,red,2295,1720733524,48.513109245951306,12,76.66098166358115
761,red,2296,1720733528,45.71974804975059,12,89.83569662822445
762,red,2297,1720733532,43.40910922428408,12,77.65453528969272
763,red,2298,1720733536,41.037387789989396,12,75.57502415273972
764,red,2299,1720733540,38.38637240953981,12,86.4954179507274
765,red,2300,1720733544,35.57274883886195,12,83.82069810983985
766,red,2301,1720733548,32.809055067787725,12,84.59808488163858
767,red,2302,1720733552,30.099405242381522,12,84.5296527708884
768,red,2303,1720733556,27.633299154562607,12,75.40709312560274
769,red,2304,1720733560,24.93662290710686,12,80.37091427394527
770,red,2305,1720733564,22.294159948724772,12,84.49264184900709
771,red,2306,1720733568,19.59490124233472,12,83.97429309878214
772,red,2307,1720733572,16.809122517315163,12,84.092338772011
773,red,2308,1720733576,13.906780589977956,12,88.39925311035378
774,red,2309,1720733580,11.334857025496452,12,82.13290256752805
775,red,2310,1720733584,8.60788248682298,12,81.3595759003323
776,red,2311,1720733588,5.771209044466158,12,84.65811845865078
777,red,2312,1720733592,0.0,12,12.566231984786626
778,red,2313,1720733596,0.0,12,13.060848234740988
779,red,2314,1720733600,0.0,12,13.266888372086505
780,red,2314,1720733600,0.0,12,13.266888372086505
781,red,2315,1720733604,0.0,12,12.339623490606435
782,red,2315,1720733604,0.0,12,12.339623490606435
783,red,2316,1720733608,797.6263923635684,12,73.05295788930941
784,red,2316,1720733608,797.6263923635684,12,73.05295788930941
785,red,2317,1720733612,795.1382419763115,12,78.38932208214332
786,red,2318,1720733616,792.4022806991542,12,82.18297416438214
787,red,2319,1720733620,789.562980366301,12,84.45751009265454
788,red,2320,1720733624,787.0641787840219,12,77.13697168028327
789,red,2321,1720733628,784.4790803456947,12,71.0621563890756
790,red,2322,1720733632,781.8662373675966,12,69.27582495244096
791,red,2323,1720733636,779.2747859224369,12,72.76302104887851
792,red,2324,1720733640,776.4634307245967,12,82.24607215605296
793,red,2325,1720733644,774.0420752061817,12,78.22143201446681
794,red,2326,1720733648,771.4341550281537,12,77.02195665833649
795,red,2327,1720733652,768.831642727199,12,72.15733655556205
796,red,2328,1720733656,766.146332044498,12,76.741391302165
797,red,2329,1720733660,763.6725609753419,12,74.31942728406408
798,red,2330,1720733664,761.0895627984976,12,77.12792162849858
799,red,2331,1720733668,758.0213693901152,12,83.33776084490006
800,red,2332,1720733672,755.3406748727116,12,76.01626077604388
801,red,2333,1720733676,752.7469139784756,12,77.07983643370319
802,red,2334,1720733680,750.2209518365461,12,79.341605709879
803,red,2335,1720733684,747.701761138538,12,78.61558101395899
804,red,2336,1720733688,744.914710775978,12,80.36825626029442
805,red,2337,1720733692,742.2560879250408,12,75.74136969212557
806,red,2338,1720733696,739.6152431442098,12,82.3238101404284
807,red,2339,1720733700,737.3566006790523,12,74.48755198198252
808,red,2340,1720733704,735.203699448865,12,67.04918389838562
809,red,2341,1720733708,732.6841609910712,12,74.87911758668496
810,red,2342,1720733712,730.1548523972456,12,77.15714794162905
811,red,2343,1720733716,727.6588378048945,12,74.82424939817203
812,red,2344,1720733720,724.982909442627,12,75.46663660026013
813,red,2345,1720733724,722.4292706924194,12,71.5301045652295
814,red,2346,1720733728,719.5971902802783,12,84.75181630456305
815,red,2347,1720733732,716.9704229827429,12,85.98583810959096
816,red,2348,1720733736,714.464527252054,12,75.03119968131581
817,red,2349,1720733740,711.8077862871701,12,73.42985003943046
818,red,2350,1720733744,709.1870743589712,12,73.53202003616326
819,red,2351,1720733748,706.2060908920025,12,81.8325636858229
820,red,2352,1720733752,703.5080597135964,12,80.96618304546442
821,red,2353,1720733756,701.0397117453101,12,77.4589984165051
822,red,2354,1720733760,698.5179828642952,12,77.08222520503317
823,red,2355,1720733764,695.7676998062187,12,78.51302869168853
824,red,2356,1720733768,693.0418302695056,12,80.19863765943236
825,red,2357,1720733772,690.1809822550726,12,83.12719244854364
826,red,2358,1720733776,687.5646070594145,12,82.08289050860492
827,red,2359,1720733780,684.9793677857929,12,84.02825562600638
828,red,2360,1720733784,682.6693382618178,12,75.49468907539595
829,red,2361,1720733788,680.2705458014626,12,68.14386654808847
830,red,2362,1720733792,677.6726687190886,12,77.83141031806117
831,red,2363,1720733796,674.8830477036151,12,86.65010439837431
832,red,2364,1720733800,672.1316700443173,12,85.42395296957984
833,red,2365,1720733804,669.9095368722227,12,72.93117521866913
834,red,2366,1720733808,666.802002464081,12,82.62914607156232
835,red,2367,1720733812,663.481459817293,12,85.30459307300119
836,red,2368,1720733816,660.3951790546436,12,82.20559031862143
837,red,2369,1720733820,657.7105601874483,12,75.57221643553781
838,red,2370,1720733824,654.856367423952,12,78.34399449259216
839,red,2371,1720733828,652.1054505740852,12,74.85655445242789
840,red,2372,1720733832,649.333434793131,12,69.98761325807497
841,red,2373,1720733836,646.3604823753843,12,76.13223414337457
842,red,2374,1720733840,643.3142435253967,12,85.48368009117536
843,red,2375,1720733844,640.6159547385524,12,79.8115255907305
844,red,2376,1720733848,637.7321862519948,12,84.23982783534052
845,red,2377,1720733852,635.0397141231967,12,80.27449493887137
846,red,2378,1720733856,632.1248307506388,12,80.36744033858994
847,red,2379,1720733860,629.3571383459881,12,75.24192752978982
848,red,2380,1720733864,626.1897446710362,12,84.51953574546548
849,red,2381,1720733868,623.6104425605648,12,72.85627836585964
850,red,2382,1720733872,620.8310324410401,12,78.49314746502147
851,red,2383,1720733876,618.1599417142899,12,75.60483201886346
852,red,2384,1720733880,615.6382152985992,12,73.45669753375793
853,red,2385,1720733884,612.7543653675501,12,83.23372583455803
854,red,2386,1720733888,609.6849498878287,12,87.43783229942814
855,red,2387,1720733892,606.8072719936023,12,80.14761072799911
856,red,2388,1720733896,603.9206129721709,12,81.90048407762947
857,red,2389,1720733900,601.2041725894629,12,81.10851065292127
858,red,2390,1720733904,598.6993585398792,12,76.99738548972554
859,red,2391,1720733908,595.9187290635049,12,74.31795441544514
860,red,2392,1720733912,592.9142183560226,12,80.31542816586898
861,red,2393,1720733916,590.1664821506969,12,80.07247821210795
862,red,2394,1720733920,587.5293077382032,12,81.91305120295523
863,red,2395,1720733924,584.7880485356568,12,82.46543103078774
864,red,2396,1720733928,582.1538887106947,12,76.57145255540249
865,red,2397,1720733932,579.3506254845568,12,78.44240776115188
866,red,2398,1720733936,576.5362872683132,12,78.54248481385706
867,red,2399,1720733940,573.9175790276464,12,78.08263104149071
868,red,2400,1720733944,571.285640192533,12,78.64583575112071
869,red,2401,1720733948,568.4939011388128,12,82.23594962484788
870,red,2402,1720733952,566.1382075970151,12,72.33200728873635
871,red,2403,1720733956,563.0701895754044,12,85.67508832267121
872,red,2404,1720733960,560.4426633607205,12,75.04027208820507
873,red,2405,1720733964,557.8251218232291,12,74.96227852480769
874,red,2406,1720733968,555.2521774709886,12,76.92483110873118
875,red,2407,1720733972,552.2993780922078,12,83.46758364094784
876,red,2408,1720733976,549.6833009025123,12,79.01939249410064
877,red,2409,1720733980,547.198926014314,12,72.24438225916312
878,red,2410,1720733984,544.5146393963681,12,75.26086217429093
879,red,2411,1720733988,541.7057799903988,12,79.81371421690639
880,red,2412,1720733992,538.8047009159242,12,79.49550216877363
881,red,2413,1720733996,535.9511270385036,12,81.10333546778266
882,red,2414,1720734000,533.4627173842167,12,72.77567979259827
883,red,2415,1720734004,530.7796414706887,12,72.65710081492483
884,red,2416,1720734008,527.831351563422,12,79.47528118205207
885,red,2417,1720734012,524.8358186054702,12,83.26689446334413
886,red,2418,1720734016,522.2635267264824,12,74.66643941798381
887,red,2419,1720734020,519.3146329229176,12,85.4813946875319
888,red,2420,1720734024,516.8755184140529,12,78.62918902936644
889,red,2421,1720734028,514.1234767940555,12,80.73241518588588
890,red,2422,1720734032,511.49315190074486,12,80.69074860165584
891,red,2423,1720734036,508.6055382505547,12,80.7744120966259
892,red,2424,1720734040,505.7246075706359,12,78.67623076090035
893,red,2425,1720734044,502.79345868668526,12,77.61629489078719
894,red,2426,1720734048,500.0351598031557,12,77.66515311269791
895,red,2427,1720734052,497.58168319177366,12,72.51063183098007
896,red,2428,1720734056,494.7392836955248,12,75.42971368594496
897,red,2429,1720734060,491.82932083506597,12,78.67691378702476
898,red,2430,1720734064,489.1038269131107,12,80.41157760836555
899,red,2431,1720734068,486.7353444320004,12,73.44930658307565
900,red,2432,1720734072,483.94917560386824,12,81.96594824280024
901,red,2433,1720734076,481.3628765039385,12,78.48103951438253
902,red,2434,1720734080,478.8886049460848,12,72.91332824184688
903,red,2435,1720734084,476.28588360217293,12,80.66996800846033
904,red,2436,1720734088,473.6964020242977,12,84.36039949351189
905,red,2437,1720734092,471.045104100923,12,82.29528657725062
906,red,2438,1720734096,468.2458535388798,12,79.82330811110693
907,red,2439,1720734100,465.49916067128214,12,76.30605229174932
908,red,2440,1720734104,462.71192244718895,12,80.71976083961891
909,red,2441,1720734108,460.49186270416936,12,65.50330574980809
910,red,2442,1720734112,457.62174515501334,12,82.45908636971606
911,red,2443,1720734116,455.2827358498023,12,71.97566041431521
912,red,2444,1720734120,452.7760898204933,12,73.99952741372765
913,red,2445,1720734124,450.3059636790055,12,69.86761225810727
914,red,2446,1720734128,447.56486147555364,12,74.505410858619
915,red,2447,1720734132,445.02157293867697,12,73.38381448608725
916,red,2448,1720734136,442.2482258884236,12,78.59289966750507
917,red,2449,1720734140,439.1738975087053,12,87.15461058962889
918,red,2450,1720734144,436.39069149521583,12,77.52088373672336
919,red,2451,1720734148,433.46876872479714,12,71.29450952306742
920,red,2452,1720734152,430.46675699926686,12,78.98475520047549
921,red,2453,1720734156,428.1750791298666,12,69.42617051543394
922,red,2454,1720734160,425.4666203290212,12,78.50512167503005
923,red,2455,1720734164,422.70613448314646,12,75.3289981312512
924,red,2456,1720734168,419.94513300774537,12,76.96732594946552
925,red,2457,1720734172,417.17670715379415,12,77.87601093947603
926,red,2458,1720734176,414.3743611966673,12,82.6304245089608
927,red,2459,1720734180,411.80915236490983,12,80.92664327096962
928,red,2460,1720734184,409.12710617360597,12,81.40585289167245
929,red,2461,1720734188,406.70296613592546,12,76.49780907708504
930,red,2462,1720734192,404.20010669829213,12,78.14891153702838
931,red,2463,1720734196,401.6636462679647,12,80.08597717176558
932,red,2464,1720734200,399.0238979922234,12,79.2622095066502
933,red,2465,1720734204,395.8274433955619,12,84.37032968465468
934,red,2466,1720734208,393.11139241969056,12,80.48865598030267
935,red,2467,1720734212,390.5404984020043,12,83.67656915151022
936,red,2468,1720734216,388.01092232574786,12,79.28560536589404
937,red,2469,1720734220,385.64080155214435,12,70.87628644511959
938,red,2470,1720734224,382.9739952077346,12,81.48286383961418
939,red,2471,1720734228,380.17608636893124,12,81.67433917217969
940,red,2472,1720734232,377.1761356873327,12,81.31265688127982
941,red,2473,1720734236,374.6470588896239,12,74.4575980558276
942,red,2474,1720734240,371.73540469186025,12,86.43513550778337
943,red,2475,1720734244,369.3293654933765,12,76.81200369018738
944,red,2476,1720734248,366.5911870400971,12,80.18128881583006
945,red,2477,1720734252,363.9818546490141,12,72.29414392157997
946,red,2478,1720734256,360.90804996820225,12,82.88780760956351
947,red,2479,1720734260,358.2314326509098,12,76.0825911041724
948,red,2480,1720734264,355.5275873617278,12,79.12615993191959
949,red,2481,1720734268,352.81560942091323,12,83.31860979896358
950,red,2482,1720734272,350.26445681243973,12,79.23910541610199
951,red,2483,1720734276,347.5945340088789,12,77.52826423001477
952,red,2484,1720734280,344.95476255809143,12,78.07479311674936
953,red,2485,1720734284,342.1459258786506,12,82.7475530505453
954,red,2486,1720734288,339.87572042881175,12,71.34454133930348
955,red,2487,1720734292,337.2537748116581,12,79.98346796045958
956,red,2488,1720734296,334.7700746668232,12,82.25821048004312
957,red,2489,1720734300,332.22372183154204,12,76.63648510508159
958,red,2490,1720734304,329.3936022809697,12,81.88955803774131
959,red,2491,1720734308,326.52627656088595,12,84.18553035981762
960,red,2492,1720734312,323.95230042802314,12,79.05997962299462
961,red,2493,1720734316,321.53034525843356,12,75.68775968242697
962,red,2494,1720734320,318.53896779160493,12,88.60110576525166
963,red,2495,1720734324,315.8144470621523,12,82.22927645099631
964,red,2496,1720734328,312.95642726001364,12,84.6607653833836
965,red,2497,1720734332,309.9444280639178,12,88.11510692854047
966,red,2498,1720734336,306.99197868686684,12,86.87835531270362
967,red,2499,1720734340,304.36157247632553,12,79.88472928293429
968,red,2500,1720734344,301.6640663797732,12,82.0953105113459
969,red,1,1720734350,797.3427456493024,18,74.92675071438202
970,red,2,1720734354,794.642645080871,18,77.73479780022159
971,red,3,1720734358,792.1416485791597,18,73.90092325170158
972,red,4,1720734362,789.4905766044122,18,73.7938982923508
973,red,5,1720734366,786.6619398147661,18,79.30163389583467
974,red,6,1720734370,783.8581746205043,18,84.35999287329015
975,red,7,1720734374,781.3306098211144,18,75.8575493734622
976,red,8,1720734378,778.7213681564906,18,78.76792215854674
977,red,9,1720734382,776.229432341225,18,75.28813990456139
978,red,10,1720734386,773.4426882815025,18,79.7112930028967
979,red,11,1720734390,770.9317917595146,18,74.04668147821731
980,red,12,1720734394,768.2337882869672,18,74.14416360259261
981,red,13,1720734398,765.3637824343099,18,81.1451746498067
982,red,14,1720734402,762.7851672321503,18,77.40059280917562
983,red,15,1720734406,760.3125326752319,18,75.89218770236502
984,red,16,1720734410,757.5180277868876,18,77.96921490529203
985,red,17,1720734414,754.4198782970988,18,81.57291057573252
986,red,18,1720734418,751.3912539531358,18,79.86448653066049
987,red,19,1720734422,748.4350349973291,18,84.57330985028605
988,red,20,1720734426,746.1313237637077,18,65.71203046353983
989,red,21,1720734430,743.1657514445006,18,79.89051498321918
990,red,22,1720734434,740.4151682724653,18,81.68272086872526
991,red,23,1720734438,737.7502481293662,18,73.3468007981887
992,red,24,1720734442,734.9319197520779,18,77.18369644546802
993,red,25,1720734446,732.4783583387356,18,76.08554453121592
994,red,26,1720734450,729.9832665308702,18,71.28517398705306
995,red,27,1720734454,727.2975125875708,18,68.26100456081805
996,red,28,1720734458,724.2268520686486,18,77.2368334389476
997,red,29,1720734462,721.5872402829124,18,78.54272343732356
998,red,30,1720734466,719.2464884650125,18,76.98688985842836
999,red,31,1720734470,716.7168902595827,18,81.60608839163454
1000,red,32,1720734474,714.1277429019701,18,80.51310659948156
1001,red,33,1720734478,711.5963314478872,18,76.95384101053325
1002,red,34,1720734482,708.606671206526,18,85.7285560264925
1003,red,35,1720734486,705.8013804343428,18,78.78763437302433
1004,red,36,1720734490,703.1204870381747,18,74.44248499536441
1005,red,37,1720734494,700.1285670352149,18,81.96997940214767
1006,red,38,1720734498,697.4952893584616,18,77.09531722589111
1007,red,39,1720734502,694.9020295621542,18,77.01905539717924
1008,red,40,1720734506,692.457819650833,18,71.66393010384212
1009,red,41,1720734510,689.7123310038138,18,74.8649519561035
1010,red,42,1720734514,686.7345392625742,18,84.3518349340892
1011,red,43,1720734518,684.2231436989647,18,79.0341515855783
1012,red,44,1720734522,681.6613843007495,18,82.60408835906038
1013,red,45,1720734526,679.2448719353883,18,74.57320909086059
1014,red,46,1720734530,676.4543646406631,18,74.93849872816183
1015,red,47,1720734534,673.4576967604748,18,83.28947764376316
1016,red,48,1720734538,670.8015021719385,18,79.21879746137007
1017,red,49,1720734542,668.2891775114417,18,69.8343388941181
1018,red,50,1720734546,665.3807711199194,18,80.53417874446714
1019,red,51,1720734550,662.8598722330951,18,78.57659113505524
1020,red,52,1720734554,660.1424556279807,18,82.45548798686748
1021,red,53,1720734558,657.4715740327471,18,78.16368466823843
1022,red,54,1720734562,654.885832781261,18,74.54245692520176
1023,red,55,1720734566,652.0926688861372,18,77.92008643308043
1024,red,56,1720734570,649.7483565198064,18,73.39016784060799
1025,red,57,1720734574,647.4271686294667,18,76.042093593359
1026,red,58,1720734578,645.3015211308016,18,67.7316133518105
1027,red,59,1720734582,642.3937923114034,18,77.18278878673932
1028,red,60,1720734586,639.9260317575099,18,70.28881134986702
1029,red,61,1720734590,637.2315112772502,18,77.17403899259055
1030,red,62,1720734594,634.8682490189744,18,69.14031527306402
1031,red,63,1720734598,631.8844647859787,18,76.03388030044046
1032,red,64,1720734602,628.8279709875455,18,84.17042340374073
1033,red,65,1720734606,626.4185670849115,18,74.33971420195753
1034,red,66,1720734610,623.8467164145079,18,73.76914538099653
1035,red,67,1720734614,621.2206320894396,18,68.05999061588919
1036,red,68,1720734618,618.3184933133833,18,77.65520442763604
1037,red,69,1720734622,615.6835585428995,18,73.69281909063204
1038,red,70,1720734626,612.7813901846098,18,75.42683805440156
1039,red,71,1720734630,609.9507759114182,18,76.51362791034663
1040,red,72,1720734634,607.1186176850014,18,79.70267620126542
1041,red,73,1720734638,604.3162489264774,18,76.00573469629217
1042,red,74,1720734642,601.2726387143113,18,78.8596121036407
1043,red,75,1720734646,598.4049205670951,18,78.51171710111711
1044,red,76,1720734650,595.248210013147,18,80.91333192054736
1045,red,77,1720734654,592.3835525234754,18,73.25466744672875
1046,red,78,1720734658,589.5688226380946,18,74.49727322119583
1047,red,79,1720734662,587.0915566033367,18,73.41782341802117
1048,red,80,1720734666,584.4494585679713,18,73.06964034009964
1049,red,81,1720734670,581.6084424178739,18,76.07670650258828
1050,red,82,1720734674,578.7846079563622,18,74.28283652778708
1051,red,83,1720734678,575.9945091453887,18,78.7003708696382
1052,red,84,1720734682,573.2892155446935,18,83.29282767595402
1053,red,85,1720734686,570.8139737190995,18,74.12676069004297
1054,red,86,1720734690,568.2963584378555,18,78.91171472652327
1055,red,87,1720734694,565.8385560369252,18,75.67064482277084
1056,red,88,1720734698,563.1789529455453,18,76.04424048447308
1057,red,89,1720734702,560.2825720653824,18,72.73231085051145
1058,red,90,1720734706,557.3142673510505,18,77.83423122526268
1059,red,91,1720734710,554.5874441961166,18,78.75663031819944
1060,red,92,1720734714,551.7968830452816,18,73.9063683392678
1061,red,93,1720734718,548.5485771443074,18,83.81744060759236
1062,red,94,1720734722,545.9667242307833,18,77.44616895237519
1063,red,95,1720734726,543.6064885710788,18,71.77795370823567
1064,red,96,1720734730,540.9069192813382,18,75.30390183101625
1065,red,97,1720734734,537.866652342479,18,75.86480096052696
1066,red,98,1720734738,535.0370052461042,18,78.90440383882813
1067,red,99,1720734742,532.5232944083025,18,75.34443515681599
1068,red,100,1720734746,529.8107340988956,18,75.67625808566811
1069,red,101,1720734750,527.1458185044174,18,76.13999952493074
1070,red,102,1720734754,524.2373101045155,18,78.32611569493245
1071,red,103,1720734758,521.6297029284063,18,77.52609425513144
1072,red,104,1720734762,518.9173446480297,18,75.19972514389343
1073,red,105,1720734766,515.6952835516845,18,87.26652086014255
1074,red,106,1720734770,512.8465612193642,18,76.25097986622517
1075,red,107,1720734774,509.971752102838,18,76.95436693881152
1076,red,108,1720734778,507.5300509298225,18,70.3559222248666
1077,red,109,1720734782,504.86293078543525,18,74.08892620267585
1078,red,110,1720734786,501.8719065288919,18,86.52828861147887
1079,red,111,1720734790,499.1509440584283,18,80.47227616004663
1080,red,112,1720734794,495.9909170459788,18,85.56545283852898
1081,red,113,1720734798,493.30813950520235,18,75.99881709264513
1082,red,114,1720734802,490.5526420767444,18,76.9132234379826
1083,red,115,1720734806,487.5865436139255,18,80.86353940879036
1084,red,116,1720734810,484.8210197231082,18,77.19380245465848
1085,red,117,1720734814,481.93648748192396,18,73.04224974829917
1086,red,118,1720734818,479.1390042265159,18,77.38789853947092
1087,red,119,1720734822,476.57963056353975,18,75.07365061407434
1088,red,120,1720734826,473.5731241339624,18,77.00307821641422
1089,red,121,1720734830,470.5773736909574,18,81.44807135310538
1090,red,122,1720734834,467.9115960300314,18,74.33805045666989
1091,red,123,1720734838,465.06458568111486,18,74.78934531027828
1092,red,124,1720734842,462.14355439967983,18,81.67231409194811
1093,red,125,1720734846,459.44543748135135,18,77.26628236345711
1094,red,126,1720734850,456.814330411102,18,78.03930210430829
1095,red,127,1720734854,454.28994254660313,18,75.89515533471268
1096,red,128,1720734858,451.58067197203155,18,73.87486338054836
1097,red,129,1720734862,448.7960357581307,18,79.78879953358243
1098,red,130,1720734866,446.25750756227757,18,77.31196191585762
1099,red,131,1720734870,443.42268355401137,18,81.01334106590492
1100,red,132,1720734874,441.01598378346443,18,73.18850333204672
1101,red,133,1720734878,438.29278620944115,18,74.27117011333503
1102,red,134,1720734882,435.6538793341366,18,73.41985131719112
1103,red,135,1720734886,432.91165945951826,18,77.0513554618955
1104,red,136,1720734890,430.3304791182403,18,77.28564361868028
1105,red,137,1720734894,427.3790777361845,18,87.39072668438828
1106,red,138,1720734898,424.398715263793,18,84.35428304657407
1107,red,139,1720734902,421.82466528605426,18,78.15326734157979
1108,red,140,1720734906,418.92160605309545,18,81.26576902681194
1109,red,141,1720734910,416.5503791727283,18,68.80354090126745
1110,red,142,1720734914,413.8015744894069,18,80.61627399195822
1111,red,143,1720734918,411.0614991360296,18,89.9001989079058
1112,red,144,1720734922,408.6131681683838,18,76.3434453247533
1113,red,145,1720734926,405.6641676360701,18,80.7535333720564
1114,red,146,1720734930,402.99482603575314,18,75.53638909769445
1115,red,147,1720734934,400.4533310820354,18,76.31727796602262
1116,red,148,1720734938,397.40409588794586,18,88.89886443349576
1117,red,149,1720734942,394.8469770196585,18,71.80919318265131
1118,red,150,1720734946,391.98728624304994,18,78.32805786522259
1119,red,151,1720734950,388.99246563762915,18,83.44936972627859
1120,red,152,1720734954,386.4208085555925,18,79.1375662687259
1121,red,153,1720734958,383.83091821889775,18,79.87837019407922
1122,red,154,1720734962,381.286396295265,18,78.12898300771185
1123,red,155,1720734966,378.7079758109544,18,76.19561459047844
1124,red,156,1720734970,375.927173847917,18,82.99153654402745
1125,red,157,1720734974,373.41726312633983,18,75.07842862944032
1126,red,158,1720734978,370.41662332407583,18,83.81870317684901
1127,red,159,1720734982,367.8303032033822,18,69.02909795345447
1128,red,160,1720734986,364.64912272855287,18,81.26495392092487
1129,red,161,1720734990,361.60354957399267,18,84.22710079109402
1130,red,162,1720734994,358.68874941159754,18,82.47880104229885
1131,red,163,1720734998,355.9357557757727,18,75.88604923644115
1132,red,164,1720735002,353.17649005349176,18,75.05833088796076
1133,red,165,1720735006,350.4309238519521,18,75.53723812647686
1134,red,166,1720735010,347.65930518957356,18,76.49642602496525
1135,red,167,1720735014,345.04908374883996,18,72.27139200070621
1136,red,168,1720735018,342.1392372081812,18,77.17203667059144
1137,red,169,1720735022,339.29130925720284,18,76.86719866326493
1138,red,170,1720735026,336.5500485421037,18,80.0522668688187
1139,red,171,1720735030,334.15751348452056,18,75.68778223902346
1140,red,172,1720735034,331.53001622187924,18,76.14513651251991
1141,red,173,1720735038,328.22783688385545,18,86.09222705595135
1142,red,174,1720735042,325.41381180746384,18,76.47507855678543
1143,red,175,1720735046,322.5570170108033,18,83.48949697596183
1144,red,176,1720735050,319.89844825175777,18,84.73380028531454
1145,red,177,1720735054,317.2697800649564,18,77.58161002445459
1146,red,178,1720735058,314.3434384388815,18,80.1088137501027
1147,red,179,1720735062,311.8210437174139,18,76.48322909210032
1148,red,180,1720735066,309.2425073252826,18,70.31961809101783
1149,red,181,1720735070,306.21679682081015,18,76.37368735127994
1150,red,182,1720735074,303.44209439751137,18,76.74170858284107
1151,red,183,1720735078,300.62382772220275,18,79.79125233412229
1152,red,184,1720735082,298.0338017407737,18,81.82472710792695
1153,red,185,1720735086,295.6779430997415,18,70.34563540342546
1154,red,186,1720735090,292.70873269998015,18,82.84733653658446
1155,red,187,1720735094,289.967604619809,18,76.24932611801262
1156,red,188,1720735098,287.35387293212494,18,80.5128709586894
1157,red,189,1720735102,284.93846123491716,18,77.77636889866594
1158,red,190,1720735106,282.08916047495643,18,82.93971850663571
1159,red,191,1720735110,279.21336828276,18,77.43343272321913
1160,red,192,1720735114,275.999840634366,18,80.47514519454022
1161,red,193,1720735118,273.03541566621897,18,81.18603260506842
1162,red,194,1720735122,270.38880652221485,18,76.49302564209603
1163,red,195,1720735126,267.68578570073953,18,73.84812203508294
1164,red,196,1720735130,264.62405362938614,18,84.68516322516334
1165,red,197,1720735134,262.11394373757145,18,75.3819347201544
1166,red,198,1720735138,259.29159689935955,18,78.17017423900009
1167,red,199,1720735142,256.29190359893005,18,82.16988200253918
1168,red,200,1720735146,253.56356033964778,18,72.40127146376761
1169,red,201,1720735150,250.6538362153665,18,76.76480078584777
1170,red,202,1720735154,247.74636557018525,18,81.06288175581265
1171,red,203,1720735158,244.98018497710729,18,74.72506626089023
1172,red,204,1720735162,241.8514778029087,18,81.4389915915205
1173,red,205,1720735166,238.86611205785783,18,81.15864643655124
1174,red,206,1720735170,236.010619051903,18,80.0095732752112
1175,red,207,1720735174,232.86609721519338,18,89.82395923045998
1176,red,208,1720735178,229.95699629279113,18,82.75169188124147
1177,red,209,1720735182,226.86554271724322,18,84.42901868396596
1178,red,210,1720735186,224.33720581011673,18,72.49136665662292
1179,red,211,1720735190,221.55083383540133,18,77.5104192287988
1180,red,212,1720735194,219.0194727673864,18,77.56535172648428
1181,red,213,1720735198,216.44127296342737,18,81.40314532392897
1182,red,214,1720735202,213.90620295735758,18,71.44583507324772
1183,red,215,1720735206,210.68673693074658,18,83.93475519878609
1184,red,216,1720735210,207.9034517070251,18,76.33797544584115
1185,red,217,1720735214,205.08377765053416,18,78.97450686172603
1186,red,218,1720735218,202.20680866743353,18,79.09550084657562
1187,red,219,1720735222,199.12842102495395,18,81.86668808871687
1188,red,220,1720735226,196.34589796316047,18,76.66352867944387
1189,red,221,1720735230,193.3691192433681,18,79.18745981767725
1190,red,222,1720735234,190.39845147212006,18,78.1067037130714
1191,red,223,1720735238,187.61252951937433,18,78.26363280815613
1192,red,224,1720735242,184.75473172524045,18,77.70233587664242
1193,red,225,1720735246,181.85456606664312,18,75.66876387909636
1194,red,226,1720735250,178.96397146660453,18,78.44632260839543
1195,red,227,1720735254,175.84737276683833,18,82.84166759848964
1196,red,228,1720735258,173.06566201590837,18,74.37370446814141
1197,red,229,1720735262,170.10438676321738,18,77.24276007169635
1198,red,230,1720735266,166.96859150123868,18,85.125156007262
1199,red,231,1720735270,164.57613352260788,18,76.73524892500345
1200,red,232,1720735274,161.92521462845042,18,80.91807089713464
1201,red,233,1720735278,159.21316400511233,18,82.80345014005273
1202,red,234,1720735282,156.4003275788238,18,77.9195614876379
1203,red,235,1720735286,154.0118813281617,18,72.56089140710164
1204,red,236,1720735290,150.9654457811955,18,84.51055141812124
1205,red,237,1720735294,148.01907729774763,18,78.16514253494235
1206,red,238,1720735298,145.1728512069223,18,75.18512620733706
1207,red,239,1720735302,142.31254544916396,18,79.23903138330556
1208,red,240,1720735306,139.2769821818118,18,83.40398220187222
1209,red,241,1720735310,135.96349007205285,18,87.89144421839926
1210,red,242,1720735314,133.67089032657785,18,71.39623749823235
1211,red,243,1720735318,130.81220370538313,18,78.29555300409822
1212,red,244,1720735322,127.76260751613515,18,78.85902587093021
1213,red,245,1720735326,125.34762287850606,18,73.31495815212526
1214,red,246,1720735330,122.30508792900797,18,81.84672664355297
1215,red,247,1720735334,119.39049879550014,18,76.70265950879077
1216,red,248,1720735338,116.44120933180929,18,78.18028763624022
1217,red,249,1720735342,113.57163047620458,18,78.52676182537797
1218,red,250,1720735346,110.87508170680488,18,81.6654995042329
1219,red,251,1720735350,108.206453350322,18,78.93467329506619
1220,red,252,1720735354,105.41238554392376,18,76.03546953724526
1221,red,253,1720735358,102.33606269691346,18,80.52303016849112
1222,red,254,1720735362,99.41719987537981,18,74.02394219838934
1223,red,255,1720735366,96.7382964508316,18,76.09975775127162
1224,red,256,1720735370,94.01125389589029,18,71.14181802352847
1225,red,257,1720735374,90.9309239846544,18,85.0552974594845
1226,red,258,1720735378,87.99541089214482,18,82.22937264084321
1227,red,259,1720735382,84.87783919375802,18,84.07004921509898
1228,red,260,1720735386,81.99310783354588,18,80.7843464702096
1229,red,261,1720735390,79.08427075809057,18,74.26098583498143
1230,red,262,1720735394,75.98825345902384,18,79.87313990228257
1231,red,263,1720735398,73.17423382639042,18,78.86591253625222
1232,red,264,1720735402,70.32842454298485,18,76.40467629512004
1233,red,265,1720735406,67.62055101083382,18,68.5314349304261
1234,red,266,1720735410,64.50514677704159,18,76.49517822136161
1235,red,267,1720735414,61.80637738462849,18,73.49527858741268
1236,red,268,1720735418,58.79925512510903,18,79.1667106630128
1237,red,269,1720735422,55.811824305819854,18,80.92892424009149
1238,red,270,1720735426,53.053868078510774,18,80.44641266130698
1239,red,271,1720735430,50.20407143212506,18,76.8249506379586
1240,red,272,1720735434,47.073048517751566,18,86.74084731856411
1241,red,273,1720735438,44.45885635744295,18,76.3374026014843
1242,red,274,1720735442,41.52256374749167,18,83.20658088562399
1243,red,275,1720735446,38.957940925921456,18,81.00802694415522
1244,red,276,1720735450,36.43166631084988,18,73.96447482986882
1245,red,277,1720735454,32.974996447996276,18,83.01938555050339
1246,red,278,1720735458,30.04537893986469,18,74.56732259678196
1247,red,279,1720735462,26.67713967604547,18,85.62358691146086
1248,red,280,1720735466,23.812380893701363,18,82.79226037548266
1249,red,281,1720735470,21.308441213167523,18,79.28319193579252
1250,red,282,1720735474,18.800071285309954,18,75.65250719581842
1251,red,283,1720735478,15.847773261804424,18,88.85739516835069
1252,red,284,1720735482,13.38406155536127,18,74.07039319340227
1253,red,285,1720735486,10.427641329651124,18,80.55158467136731
1254,red,286,1720735490,7.416991845996241,18,83.20023323250467
1255,red,287,1720735494,4.655948523888224,18,80.11691540867226
1256,red,288,1720735498,0.0,18,7.865130334203279
1257,red,289,1720735502,0.0,18,10.262473838407232
1258,red,290,1720735506,0.0,18,8.266379624610245
1259,red,291,1720735510,796.8094422104889,18,82.6136659457183
1260,red,292,1720735514,794.2075539764098,18,73.21589839039119
1261,red,293,1720735518,791.6916838601003,18,69.31061441178973
1262,red,294,1720735522,788.684951892614,18,78.43357820078083
1263,red,295,1720735526,786.0002154897858,18,78.508408386914
1264,red,296,1720735530,783.2977131804768,18,73.71623743441566
1265,red,297,1720735534,780.2916401154345,18,75.00000098379127
1266,red,298,1720735538,777.4085685493916,18,74.27423694754377
1267,red,299,1720735542,774.5659450756607,18,75.17991430483713
1268,red,300,1720735546,771.7896296069171,18,78.35782672604117
1269,red,301,1720735550,769.0467745236504,18,76.97909519800932
1270,red,302,1720735554,766.4362923166344,18,72.31360342515028
1271,red,303,1720735558,763.5922578888454,18,78.31411291707526
1272,red,304,1720735562,761.0457459137248,18,71.68926087384227
1273,red,305,1720735566,758.5272887266383,18,70.07094675459201
1274,red,306,1720735570,755.622955129161,18,82.236694803426
1275,red,307,1720735574,753.1813535128474,18,73.92946913246591
1276,red,308,1720735578,750.1292976786548,18,83.56014676159091
1277,red,309,1720735582,747.5390926168039,18,72.45501698965013
1278,red,310,1720735586,744.7152644415315,18,74.10104521400037
1279,red,311,1720735590,741.985356636625,18,73.38482705694003
1280,red,312,1720735594,739.0265246526285,18,76.7709167995764
1281,red,313,1720735598,735.8702845730643,18,81.6677131163404
1282,red,314,1720735602,733.2816253783667,18,78.02659162678847
1283,red,315,1720735606,730.5717506244417,18,76.53608124105448
1284,red,316,1720735610,727.7530578123014,18,74.6608951328749
1285,red,317,1720735614,724.7476728542965,18,78.95085417696781
1286,red,318,1720735618,721.8161299216974,18,78.78238122097108
1287,red,319,1720735622,719.0626361747866,18,79.2209324203201
1288,red,320,1720735626,716.3675057999881,18,76.17024315673301
1289,red,321,1720735630,713.5280347245565,18,73.87068513995942
1290,red,322,1720735634,710.7320572588524,18,73.45186906678681
1291,red,323,1720735638,707.8780581060565,18,79.44743384469787
1292,red,324,1720735642,705.2496674176399,18,72.43641976296537
1293,red,325,1720735646,702.2427578776048,18,79.21383327168721
1294,red,326,1720735650,699.5929455424243,18,71.2777491138954
1295,red,327,1720735654,696.6443765400886,18,80.67271646055941
1296,red,328,1720735658,693.9353811005446,18,74.15323454046595
1297,red,329,1720735662,691.1450494082794,18,74.00993488775195
1298,red,330,1720735666,688.3811509025433,18,78.15502064070542
1299,red,331,1720735670,685.5794328272254,18,75.62871792415812
1300,red,332,1720735674,682.7004494366062,18,74.75317561194066
1301,red,333,1720735678,679.7788051091067,18,77.62816825079986
1302,red,334,1720735682,677.1295362014981,18,70.55660847084206
1303,red,335,1720735686,674.1003257000652,18,76.80891451062917
1304,red,336,1720735690,671.2629793708978,18,73.68831042196828
1305,red,337,1720735694,668.4991739769074,18,71.01569158804254
1306,red,338,1720735698,665.5135609077302,18,76.41929795330472
1307,red,339,1720735702,662.6490561284878,18,78.97638096053116
1308,red,340,1720735706,659.621340289426,18,80.7998741531421
1309,red,341,1720735710,656.8140825908566,18,74.14389260223344
1310,red,342,1720735714,654.1766175727608,18,72.24881046308894
1311,red,343,1720735718,651.3822402573144,18,78.25540337227444
1312,red,344,1720735722,648.815891776887,18,76.889106483471
1313,red,345,1720735726,645.5346202567625,18,85.24283905845185
1314,red,346,1720735730,642.643331532773,18,73.13996885633749
1315,red,347,1720735734,639.5337269997946,18,79.29423305833646
1316,red,348,1720735738,636.6349945734529,18,79.81186198870974
1317,red,349,1720735742,633.6830110112195,18,76.26975253303898
1318,red,350,1720735746,630.5749349256174,18,86.13265795949513
1319,red,351,1720735750,628.0638029467409,18,72.04170638236103
1320,red,352,1720735754,625.0747316841682,18,79.07846541946293
1321,red,353,1720735758,622.3093776323017,18,76.43018743720246
1322,red,354,1720735762,619.2966769409638,18,78.32202307694028
1323,red,355,1720735766,616.3580753081017,18,75.99735744191771
1324,red,356,1720735770,613.436258993768,18,74.35045754047977
1325,red,357,1720735774,610.549674817707,18,76.09420153834502
1326,red,358,1720735778,607.7537120679241,18,80.27478153564793
1327,red,359,1720735782,604.7053732522858,18,86.02554709499536
1328,red,360,1720735786,602.1083529708511,18,71.8220641953732
1329,red,361,1720735790,599.1461490161911,18,79.50516048354211
1330,red,362,1720735794,596.2304384578958,18,81.54347262022948
1331,red,363,1720735798,593.3986333227967,18,79.66051413572528
1332,red,364,1720735802,590.6676405608407,18,74.51427638015358
1333,red,365,1720735806,587.642588414484,18,79.27768782492879
1334,red,366,1720735810,584.9692426890476,18,70.67406251826314
1335,red,367,1720735814,582.053478742271,18,69.23645140586085
1336,red,368,1720735818,578.7862127012515,18,84.14493868178214
1337,red,369,1720735822,575.8080265576172,18,81.92095798668453
1338,red,370,1720735826,573.1483484164263,18,71.82241330163266
1339,red,371,1720735830,570.1019722834969,18,77.91518289606657
1340,red,372,1720735834,566.7138808417698,18,83.5032013066495
1341,red,373,1720735838,563.4306860218755,18,79.82163393115397
1342,red,374,1720735842,560.4336773014528,18,71.98930534386015
1343,red,375,1720735846,557.4276583786435,18,74.09512824917881
1344,red,376,1720735850,554.507021223821,18,73.98895020675141
1345,red,377,1720735854,551.4506845306138,18,79.14877573746064
1346,red,378,1720735858,548.5645542540738,18,76.6547924609787
1347,red,379,1720735862,545.626407686655,18,72.00094747691308
1348,red,380,1720735866,542.6248286617439,18,76.4690942867819
1349,red,381,1720735870,539.8340963340697,18,77.75617009947446
1350,red,382,1720735874,537.234359248691,18,76.36838017042527
1351,red,383,1720735878,534.4346666266061,18,78.89534748025604
1352,red,384,1720735882,531.6061331091698,18,80.0071463246842
1353,red,385,1720735886,528.6107045954591,18,87.41299955601302
1354,red,386,1720735890,526.2662384247282,18,70.1344530883355
1355,red,387,1720735894,523.1073332421693,18,79.3242654455856
1356,red,388,1720735898,519.947891667291,18,80.20677243012155
1357,red,389,1720735902,517.2541606482367,18,76.80222856777948
1358,red,390,1720735906,514.5788734565549,18,80.23511101120049
1359,red,391,1720735910,511.8872970496381,18,72.10767187398896
1360,red,392,1720735914,508.84356164421473,18,80.95871349973467
1361,red,393,1720735918,506.3362882223761,18,75.20265132806962
1362,red,394,1720735922,503.548505733687,18,75.08104318281983
1363,red,395,1720735926,500.50857536963423,18,76.65940733784342
1364,red,396,1720735930,497.7700521772166,18,72.57905549312068
1365,red,397,1720735934,494.7546747692303,18,82.59601851065791
1366,red,398,1720735938,491.99134917316513,18,76.17687776958756
1367,red,399,1720735942,489.27190760737574,18,72.2746910703648
1368,red,400,1720735946,486.1980892768056,18,81.10408424006515
1369,red,401,1720735950,483.22711489252555,18,80.40534102418856
1370,red,402,1720735954,480.4216109794865,18,76.52407888977407
1371,red,403,1720735958,477.492739987095,18,71.53672165646859
1372,red,404,1720735962,474.60445119108283,18,71.99086978106908
1373,red,405,1720735966,471.8696263403418,18,74.54391583378471
1374,red,406,1720735970,468.87063436324695,18,82.19192343962553
1375,red,407,1720735974,466.13915770438047,18,77.81740450501239
1376,red,408,1720735978,463.21609936722405,18,77.95042776534599
1377,red,409,1720735982,460.15390665352106,18,75.69141595151245
1378,red,410,1720735986,457.0955381195097,18,79.54702651591246
1379,red,411,1720735990,454.2144241882172,18,77.39641535388029
1380,red,412,1720735994,451.5707661133651,18,68.01675203575311
1381,red,413,1720735998,448.6384833694686,18,72.44217381820403
1382,red,414,1720736002,445.8524490321507,18,75.83550794964194
1383,red,415,1720736006,442.91416001254635,18,85.34284654029484
1384,red,416,1720736010,440.0691281845515,18,79.85428831858175
1385,red,417,1720736014,437.40927492779883,18,71.29468426062078
1386,red,418,1720736018,434.32407321070934,18,81.98427354286922
1387,red,419,1720736022,431.45316333196735,18,77.87625300594648
1388,red,420,1720736026,428.70574705351873,18,73.0147460678739
1389,red,421,1720736030,425.95329044796785,18,73.84327003086888
1390,red,422,1720736034,423.22198332235195,18,75.38831095209089
1391,red,423,1720736038,420.76232765655624,18,69.15461710987059
1392,red,424,1720736042,418.05541848546903,18,74.74186229881063
1393,red,425,1720736046,415.0399026396644,18,80.05624696032893
1394,red,426,1720736050,412.3080648486019,18,72.1254226587189
1395,red,427,1720736054,409.4744455096633,18,73.35042393028486
1396,red,428,1720736058,406.5230028193787,18,78.15856073222326
1397,red,429,1720736062,403.22481617791954,18,86.21850878968988
1398,red,430,1720736066,400.55770552939623,18,76.77004587427332
1399,red,431,1720736070,397.8609910379494,18,83.19362691701666
1400,red,432,1720736074,395.35480594016633,18,73.88234865641721
1401,red,433,1720736078,392.29051712924354,18,79.9009315196669
1402,red,434,1720736082,389.0645336837843,18,81.76643472932358
1403,red,435,1720736086,386.282212412984,18,74.86842455692327
1404,red,436,1720736090,383.46175297848407,18,74.86613275962723
1405,red,437,1720736094,380.4691133354999,18,80.99921949867769
1406,red,438,1720736098,377.6368643773632,18,84.40087208273347
1407,red,439,1720736102,375.02289922539944,18,77.61521659177379
