id,bottle,time,final_weight
1,1533,1720730486,29.447320550420063
2,1534,1720730490,53.736223288859605
3,1535,1720730494,55.334026422659946
4,1536,1720730498,55.11841599949023
5,1537,1720730502,54.515841944086034
6,1538,1720730506,54.043150833412426
7,1539,1720730510,53.97028509639608
8,1540,1720730514,54.998389579190416
9,1541,1720730518,54.10434539774255
10,1542,1720730522,53.747954728862084
11,1543,1720730526,52.99505503249961
12,1544,1720730530,53.84325151703753
13,1545,1720730534,53.19853032946277
14,1546,1720730538,55.70875845072645
15,1547,1720730542,54.01659209475322
16,1548,1720730546,54.23529961069467
17,1549,1720730550,54.11310930695333
18,1550,1720730554,52.1255242228913
19,1551,1720730558,55.46860647102894
20,1552,1720730562,54.63473168163128
21,1553,1720730566,53.14211340384438
22,1554,1720730570,54.26269076933763
23,1555,1720730574,54.72361376057614
24,1556,1720730578,54.916792586943885
25,1557,1720730582,54.5100218247919
26,1558,1720730586,53.47110420904631
27,1559,1720730590,53.42012860958111
28,1560,1720730594,53.912318067727554
29,1561,1720730598,53.87546717646377
30,1562,1720730602,53.164335348764965
31,1563,1720730606,54.112425108515424
32,1564,1720730610,54.89971168046557
33,1565,1720730614,52.441519466952315
34,1566,1720730618,54.493105887466726
35,1567,1720730622,54.26012314705876
36,1568,1720730626,54.17959139953177
37,1569,1720730630,54.239081583966104
38,1570,1720730634,54.336591774212785
39,1571,1720730638,53.33060323877213
40,1572,1720730642,53.58940606730003
41,1573,1720730646,53.89369836141114
42,1574,1720730650,55.266731978419145
43,1575,1720730654,53.43508785159755
44,1576,1720730658,54.33628110337862
45,1577,1720730662,54.72692394440506
46,1578,1720730666,53.35207813291733
47,1579,1720730670,54.616579508397095
48,1580,1720730674,53.41560800102748
49,1581,1720730678,53.81604868930235
50,1582,1720730682,54.06074793254213
51,1583,1720730686,54.89053031638845
52,1584,1720730690,54.32281570388159
53,1585,1720730694,55.52454693616731
54,1586,1720730698,53.75954148616411
55,1587,1720730702,54.46184757573195
56,1588,1720730706,54.086593527154946
57,1589,1720730710,53.94484241453105
58,1590,1720730714,54.21463045173628
59,1591,1720730718,54.877080001461955
60,1592,1720730722,53.22900448729624
61,1593,1720730726,53.16969387543054
62,1594,1720730730,54.43134758161047
63,1595,1720730734,54.31114529973592
64,1596,1720730738,53.83002615994349
65,1597,1720730742,53.52218868653799
66,1598,1720730746,53.12075920685652
67,1599,1720730750,53.700102340304554
68,1600,1720730754,54.288716778239156
69,1601,1720730758,52.659225975104775
70,1602,1720730762,54.10577292206066
71,1603,1720730766,55.30622231330932
72,1604,1720730770,53.51770511112221
73,1605,1720730774,30.599470223672178
74,1606,1720730778,30.288847832395064
75,1607,1720730782,30.413316201442935
76,1608,1720730786,29.93426060277475
77,1609,1720730790,31.701790383746022
78,1610,1720730794,30.29443761542321
79,1611,1720730798,31.981089973793495
80,1612,1720730802,31.649470501091834
81,1613,1720730806,31.51890913574439
82,1614,1720730810,31.006112528734338
83,1615,1720730814,31.661216812847602
84,1616,1720730818,30.18998921708537
85,1617,1720730822,30.950089056351736
86,1618,1720730826,53.667769630267955
87,1619,1720730830,53.05201884709008
88,1620,1720730834,53.03579907635727
89,1621,1720730838,54.39171950453264
90,1622,1720730842,53.781432041570966
91,1623,1720730846,54.3646858667464
92,1624,1720730850,54.22672394771895
93,1625,1720730854,54.983460834743596
94,1626,1720730858,52.96318047530262
95,1627,1720730862,29.850045726215694
96,1628,1720730866,30.058077094601995
97,1629,1720730870,30.5396265487909
98,1630,1720730874,29.029358600290692
99,1631,1720730878,29.4273743806787
100,1632,1720730882,30.43040748363848
101,1633,1720730886,30.099179291224033
102,1634,1720730890,30.094608318152343
103,1635,1720730894,29.214932491386342
104,1636,1720730898,30.514319951192455
105,1637,1720730902,29.335885130341783
106,1638,1720730906,30.107981482648466
107,1639,1720730910,30.622909579539233
108,1640,1720730914,29.330991446651314
109,1641,1720730918,30.94749704086895
110,1642,1720730922,30.560727457688174
111,1643,1720730926,30.09990039781917
112,1644,1720730930,53.111373320050134
113,1645,1720730934,54.2133142009847
114,1646,1720730938,53.696006285212206
115,1647,1720730942,55.233789166764396
116,1648,1720730946,53.06482531860565
117,1649,1720730950,52.90414442018859
118,1650,1720730954,54.25967044893315
119,1651,1720730958,54.511289140803854
120,1652,1720730962,52.73543970531114
121,1653,1720730966,53.546651700360776
122,1654,1720730970,53.22030602336813
123,1655,1720730974,54.49033312165008
124,1656,1720730978,54.442637480911884
125,1657,1720730982,54.605258226854104
126,1658,1720730986,54.407004240953775
127,1659,1720730990,54.98104968331183
128,1660,1720730994,55.284405472487165
129,1661,1720730998,54.26115175212446
130,1662,1720731002,54.212589652881235
131,1663,1720731006,54.1388492529487
132,1664,1720731010,54.21273842289426
133,1665,1720731014,53.93546499670215
134,1666,1720731018,54.020527586067125
135,1667,1720731022,53.7449588744941
136,1668,1720731026,54.300162401272914
137,1669,1720731030,47.01144176085954
138,1670,1720731034,46.96437386090585
139,1671,1720731038,46.966976935526375
140,1672,1720731042,46.97531414197708
141,1673,1720731046,47.173789493748316
142,1674,1720731050,54.83331910121903
143,1675,1720731054,53.54190977892251
144,1676,1720731058,54.55420730354497
145,1677,1720731062,53.62633405129267
146,1678,1720731066,54.6409834265682
147,1679,1720731070,54.337520308534764
148,1680,1720731074,55.16453274384091
149,1681,1720731078,53.30489646833385
150,1682,1720731082,53.76031437377149
151,1683,1720731086,53.062053685580935
152,1684,1720731090,53.13595369240076
153,1685,1720731094,53.317536008491885
154,1686,1720731098,53.777060148197975
155,1687,1720731102,52.80330472432412
156,1688,1720731106,54.02483146540921
157,1689,1720731110,53.80535924130794
158,1690,1720731114,53.019038326869065
159,1691,1720731118,53.805946358963
160,1692,1720731122,54.40422865783293
161,1693,1720731126,53.76095283631421
162,1694,1720731130,54.478901145165295
163,1695,1720731134,54.86762494583172
164,1696,1720731138,54.380670824222214
165,1697,1720731142,54.43389220669105
166,1698,1720731146,53.01323849319667
167,1699,1720731150,54.52309933349305
168,1700,1720731154,54.43886603315956
169,1701,1720731158,54.46450756876914
170,1702,1720731162,53.89257028719041
171,1703,1720731166,54.67890878072524
172,1704,1720731170,54.29720260722205
173,1705,1720731174,53.81270195769699
174,1706,1720731178,53.740368854856655
175,1707,1720731182,53.973713445311446
176,1708,1720731186,54.40600626258964
177,1709,1720731190,53.775864768166386
178,1710,1720731194,53.77522908792815
179,1711,1720731198,53.88532012375761
180,1712,1720731202,54.065931590042155
181,1713,1720731206,52.87958506914751
182,1714,1720731210,54.329570404662825
183,1715,1720731214,31.3878096063044
184,1716,1720731218,31.37985613841679
185,1717,1720731222,30.005124918891127
186,1718,1720731226,31.343336581339766
187,1719,1720731230,30.987297497368328
188,1720,1720731234,31.241775510098527
189,1721,1720731238,30.40972769491572
190,1722,1720731242,31.69575324379916
191,1723,1720731246,31.4347908225939
192,1724,1720731250,30.643370841613663
193,1725,1720731254,31.25569115980055
194,1726,1720731258,29.868841185181402
195,1727,1720731262,30.409870533967652
196,1728,1720731266,30.970622541925337
197,1729,1720731270,31.757216519571386
198,1730,1720731274,53.604477525327816
199,1731,1720731278,55.34095099866872
200,1732,1720731282,54.78122959727574
201,1733,1720731286,54.12439210466183
202,1734,1720731290,53.93269197131353
203,1735,1720731294,53.38582271625903
204,1736,1720731298,30.42740113857787
205,1737,1720731302,29.510048396707948
206,1738,1720731306,29.087178292741456
207,1739,1720731310,30.32090940379065
208,1740,1720731314,29.37772872132401
209,1741,1720731318,29.58594423393318
210,1742,1720731322,29.84812286408954
211,1743,1720731326,30.32622717138447
212,1744,1720731330,29.781177455038264
213,1745,1720731334,30.31085186483665
214,1746,1720731338,29.1815110011953
215,1747,1720731342,30.08873796063094
216,1748,1720731346,30.59620746840102
217,1749,1720731350,29.636520732999884
218,1750,1720731354,30.344827705483908
219,1751,1720731358,29.898807135990218
220,1752,1720731362,30.953417940345567
221,1753,1720731366,29.907469039840493
222,1754,1720731370,29.62082038315295
223,1755,1720731374,29.72257640982235
224,1756,1720731378,30.71045289666279
225,1757,1720731382,54.520472783726014
226,1758,1720731386,55.39837494385422
227,1759,1720731390,53.8837257722788
228,1760,1720731394,53.96740580555844
229,1761,1720731398,54.56556085186763
230,1762,1720731402,54.797758392542704
231,1763,1720731406,54.51099347064016
232,1764,1720731410,53.79659466981086
233,1765,1720731414,54.15544888270634
234,1766,1720731418,54.527798965288085
235,1767,1720731422,54.862999057512795
236,1768,1720731426,54.38248421438972
237,1769,1720731430,53.929851638574036
238,1770,1720731434,54.06644961553329
239,1771,1720731438,54.39287757256543
240,1772,1720731442,54.00480221015968
241,1773,1720731446,53.54559926230371
242,1774,1720731450,53.48643898915336
243,1775,1720731454,53.62735305657314
244,1776,1720731458,53.17206811521022
245,1777,1720731462,53.11111929863808
246,1778,1720731466,53.168706280024026
247,1779,1720731470,54.31968931722021
248,1780,1720731474,53.36592138227056
249,1781,1720731478,54.03756199518827
250,1782,1720731482,54.1980313804855
251,1783,1720731486,54.68137755309375
252,1784,1720731490,54.39883500687094
253,1785,1720731494,53.81430939826032
254,1786,1720731498,53.99101941415759
255,1787,1720731502,54.1580568193654
256,1788,1720731506,53.97401502605596
257,1789,1720731510,53.73436526271861
258,1790,1720731514,54.26429944385384
259,1791,1720731518,54.744900260440694
260,1792,1720731522,52.75368630585385
261,1793,1720731526,52.31925589971196
262,1794,1720731530,55.36194817680459
263,1795,1720731534,54.06010250788695
264,1796,1720731538,55.684216654212136
265,1797,1720731542,53.874000161354076
266,1798,1720731546,53.90844257434777
267,1799,1720731550,54.04834084687205
268,1800,1720731554,52.94409972403436
269,1801,1720731558,53.45677755484267
270,1802,1720731562,53.58862876176863
271,1803,1720731566,54.14117697973675
272,1804,1720731570,53.18624309180285
273,1805,1720731574,52.96438628678647
274,1806,1720731578,53.542201395198894
275,1807,1720731582,55.40655724199257
276,1808,1720731586,53.159858756574764
277,1809,1720731590,53.072301495500874
278,1810,1720731594,54.325213577744464
279,1811,1720731598,54.633632788373305
280,1812,1720731602,53.29705881192006
281,1813,1720731606,53.932994024293976
282,1814,1720731610,53.61585179799149
283,1815,1720731614,54.690373679013604
284,1816,1720731618,54.06690802261883
285,1817,1720731622,54.4363724120038
286,1818,1720731626,54.59100963421861
287,1819,1720731630,53.67691741852353
288,1820,1720731634,54.39887125978012
289,1821,1720731638,53.26267962735679
290,1822,1720731642,53.56856799638834
291,1823,1720731646,53.664470424829155
292,1824,1720731650,54.03246781398473
293,1825,1720731654,30.908681633447728
294,1826,1720731658,31.417261408572962
295,1827,1720731662,31.402089288776978
296,1828,1720731666,30.81549246132611
297,1829,1720731670,29.750703137054895
298,1830,1720731674,30.81784095393506
299,1831,1720731678,31.27566818165358
300,1832,1720731682,30.238434521688024
301,1833,1720731686,31.241272927065346
302,1834,1720731690,31.11041995159956
303,1835,1720731694,30.477371651027113
304,1836,1720731698,31.562816496288608
305,1837,1720731702,30.564050764045167
306,1838,1720731706,30.67730965483047
307,1839,1720731710,30.916924784060598
308,1840,1720731714,53.330594906472314
309,1841,1720731718,54.766312138757876
310,1842,1720731722,53.151094490057844
311,1843,1720731726,53.54505320791651
312,1844,1720731730,54.11906941111121
313,1845,1720731734,53.95146283373136
314,1846,1720731738,53.824279645846204
315,1847,1720731742,29.69877024557567
316,1848,1720731746,30.693899946918698
317,1849,1720731750,29.550463787003167
318,1850,1720731754,30.362220758377447
319,1851,1720731758,29.79658485368624
320,1852,1720731762,29.615847578072177
321,1853,1720731766,30.203285805593158
322,1854,1720731770,30.515147311159744
323,1855,1720731774,30.43968437586745
324,1856,1720731778,30.333976183919802
325,1857,1720731782,29.360345213174533
326,1858,1720731786,29.149630411836245
327,1859,1720731790,30.366168111528232
328,1860,1720731794,29.75006834465309
329,1861,1720731798,29.549506541591768
330,1862,1720731802,30.51603762180227
331,1863,1720731806,29.947242057992817
332,1864,1720731810,29.979641778352942
333,1865,1720731814,30.439717785085524
334,1866,1720731818,29.984161851692992
335,1867,1720731822,53.73614153656624
336,1868,1720731826,53.504595258387376
337,1869,1720731830,52.85587984537303
338,1870,1720731834,53.47014459393034
339,1871,1720731838,53.368381636948385
340,1872,1720731842,53.94619247306183
341,1873,1720731846,55.564234381259084
342,1874,1720731850,53.485316380613
343,1875,1720731854,55.43416032339002
344,1876,1720731858,53.557543378431475
345,1877,1720731862,53.570240698224566
346,1878,1720731866,53.29283804123244
347,1879,1720731870,54.60946727976486
348,1880,1720731874,54.669419762259146
349,1881,1720731878,55.24194625913702
350,1882,1720731882,53.92035553213112
351,1883,1720731886,53.77157676096837
352,1884,1720731890,54.221597779310926
353,1885,1720731894,53.99843452791727
354,1886,1720731898,53.3371034497525
355,1887,1720731902,54.12621258935215
356,1888,1720731906,53.216156112422254
357,1889,1720731910,53.01866426366411
358,1890,1720731914,54.49399763457102
359,1891,1720731918,54.802562930002736
360,1892,1720731922,54.66629723226865
361,1893,1720731926,53.93027319393734
362,1894,1720731930,53.053413503114655
363,1895,1720731934,53.14595016727434
364,1896,1720731938,53.362488851266576
365,1897,1720731942,54.70109929131296
366,1898,1720731946,53.68197586835619
367,1899,1720731950,54.097734746614435
368,1900,1720731954,54.48951974137963
369,1901,1720731958,53.99333606639192
370,1902,1720731962,54.29838020803264
371,1903,1720731966,54.57215050060852
372,1904,1720731970,54.080864085463595
373,1905,1720731974,54.45444397063457
374,1906,1720731978,54.239367823580636
375,1907,1720731982,53.72277117753434
376,1908,1720731986,53.02968918475664
377,1909,1720731990,54.24839751820731
378,1910,1720731994,55.79133614596358
379,1911,1720731998,54.44776728811125
380,1912,1720732002,54.17946292970417
381,1913,1720732006,53.16128448730338
382,1914,1720732010,53.58071679963575
383,1915,1720732014,53.28782832169684
384,1916,1720732018,53.18041596875095
385,1917,1720732022,54.27444230379025
386,1918,1720732026,54.250535871484686
387,1919,1720732030,55.250187660048795
388,1920,1720732034,53.438970663812285
389,1921,1720732038,55.2868879389501
390,1922,1720732042,53.86496014171313
391,1923,1720732046,53.38603991479786
392,1924,1720732050,54.28585124888095
393,1925,1720732054,53.72094605458562
394,1926,1720732058,53.406763757940524
395,1927,1720732062,54.762379870514835
396,1928,1720732066,54.08288187804213
397,1929,1720732070,54.84426164604881
398,1930,1720732074,53.934414958508846
399,1931,1720732078,53.79543019482493
400,1932,1720732082,54.843224860756735
401,1933,1720732086,54.88182795627322
402,1934,1720732090,30.788395962026225
403,1935,1720732094,30.101805813207854
404,1936,1720732098,30.85776862510875
405,1937,1720732102,30.7726794787041
406,1938,1720732106,30.204900396818843
407,1939,1720732110,30.581601966616873
408,1940,1720732114,32.21890607895499
409,1941,1720732118,30.93872888619778
410,1942,1720732122,30.827853086456585
411,1943,1720732126,30.997973538981228
412,1944,1720732130,29.992358949268098
413,1945,1720732134,31.00312751828846
414,1946,1720732138,31.816678196550768
415,1947,1720732142,30.768592021845688
416,1948,1720732146,31.00699773719843
417,1949,1720732150,31.738272611463348
418,1950,1720732154,54.04155893291188
419,1951,1720732158,53.74042136637753
420,1952,1720732162,53.81194578816694
421,1953,1720732166,54.652882484892515
422,1954,1720732170,53.42193669848964
423,1955,1720732174,54.281447544720834
424,1956,1720732178,53.31463282551718
425,1957,1720732182,30.795331239543668
426,1958,1720732186,30.17949530286214
427,1959,1720732190,30.26862266136054
428,1960,1720732194,29.627804564702423
429,1961,1720732198,30.031661283420874
430,1962,1720732202,29.957977107023535
431,1963,1720732206,28.59052864532003
432,1964,1720732210,29.485302318313202
433,1965,1720732214,31.6059292871888
434,1966,1720732218,31.04756646775718
435,1967,1720732222,29.56765959018036
436,1968,1720732226,29.861297493877046
437,1969,1720732230,30.14297134836646
438,1970,1720732234,30.18157076738311
439,1971,1720732238,29.363840352635634
440,1972,1720732242,30.179539009540267
441,1973,1720732246,29.875494879141137
442,1974,1720732250,29.983321517268372
443,1975,1720732254,29.93323207718445
444,1976,1720732258,29.576268788287717
445,1977,1720732262,53.35878698824958
446,1978,1720732266,53.73022705211536
447,1979,1720732270,53.50206564901346
448,1980,1720732274,53.99992316975242
449,1981,1720732278,53.56088377333549
450,1982,1720732282,54.86044546988874
451,1983,1720732286,54.0070339254379
452,1984,1720732290,53.31024735978815
453,1985,1720732294,53.86853739629771
454,1986,1720732298,54.716955234524676
455,1987,1720732302,54.94024029634966
456,1988,1720732306,53.675958543579554
457,1989,1720732310,53.68156195535224
458,1990,1720732314,53.33264891702903
459,1991,1720732318,46.97590140159359
460,1992,1720732322,47.29696507246764
461,1993,1720732326,46.57905752378899
462,1994,1720732330,46.61944898839095
463,1995,1720732334,47.74087365416875
464,1996,1720732338,47.177041226772985
465,1997,1720732342,46.57647803145977
466,1998,1720732346,46.978137033532995
467,1999,1720732350,47.038508665708875
468,2000,1720732354,46.76861934392746
469,2001,1720732358,47.5278130808836
470,2002,1720732362,46.254230782751364
471,2003,1720732366,47.06986845501015
472,2004,1720732370,47.29446310391723
473,2005,1720732374,47.94287588554644
474,2006,1720732378,54.7522796873357
475,2007,1720732382,53.75963405942315
476,2008,1720732386,52.90761026784009
477,2009,1720732390,54.741202019672414
478,2010,1720732394,54.93225936400074
479,2011,1720732398,53.36171584712721
480,2012,1720732402,53.016004604117896
481,2013,1720732406,53.99185219328873
482,2014,1720732410,53.320794878124914
483,2015,1720732414,52.642928347339065
484,2016,1720732418,53.33597044656386
485,2017,1720732422,54.30479254623714
486,2018,1720732426,55.168335671784675
487,2019,1720732430,55.850745150673966
488,2020,1720732434,54.99985410643994
489,2021,1720732438,54.893356212373064
490,2022,1720732442,53.8903712376363
491,2023,1720732446,54.0582626363874
492,2024,1720732450,54.086587623797485
493,2025,1720732454,54.411630811827436
494,2026,1720732458,53.96234630824725
495,2027,1720732462,54.14625089788595
496,2028,1720732466,54.37251609505185
497,2029,1720732470,54.503593606595544
498,2030,1720732474,53.661986963049685
499,2031,1720732478,53.26082575513735
500,2032,1720732482,53.365825357504676
501,2033,1720732486,53.782661468859914
502,2034,1720732490,53.91034034347531
503,2035,1720732494,54.027880166354414
504,2036,1720732498,54.50928946251645
505,2037,1720732502,54.54253073282993
506,2038,1720732506,53.82364518349527
507,2039,1720732510,53.71025352230893
508,2040,1720732514,54.174700542293266
509,2041,1720732518,53.75284019335881
510,2042,1720732522,31.75204496155314
511,2043,1720732526,31.976870607345013
512,2044,1720732530,31.08479502722122
513,2045,1720732534,31.03515099951482
514,2046,1720732538,30.92639826406157
515,2047,1720732542,32.05301386944416
516,2048,1720732546,29.923361110613797
517,2049,1720732550,31.088757674264805
518,2050,1720732554,30.833108982846557
519,2051,1720732558,31.69570222466411
520,2052,1720732562,31.143063838338275
521,2053,1720732566,30.251395510881927
522,2054,1720732570,30.504171485801617
523,2055,1720732574,53.70943907063349
524,2056,1720732578,53.96005837745841
525,2057,1720732582,54.454793659395534
526,2058,1720732586,53.167204664198174
527,2059,1720732590,53.45253803533899
528,2060,1720732594,54.727459505165285
529,2061,1720732598,54.20961037059794
530,2062,1720732602,53.60302563321058
531,2063,1720732606,54.44940044387468
532,2064,1720732610,54.379297454488864
533,2065,1720732614,54.385459374173905
534,2066,1720732618,30.639443250030844
535,2067,1720732622,30.27396104085294
536,2068,1720732626,30.339473126333672
537,2069,1720732630,30.353540423893158
538,2070,1720732634,30.428356936715637
539,2071,1720732638,30.217713363256355
540,2072,1720732642,29.475304517778664
541,2073,1720732646,29.724405386577065
542,2074,1720732650,30.572241202454503
543,2075,1720732654,29.275289846980215
544,2076,1720732658,29.616775810886516
545,2077,1720732662,30.441386249800196
546,2078,1720732666,29.092394990142388
547,2079,1720732670,29.563103758418432
548,2080,1720732674,29.175506230957815
549,2081,1720732678,29.612462697248223
550,2082,1720732682,54.39571806262387
551,2083,1720732686,54.24307064516565
552,2084,1720732690,53.785624826175905
553,2085,1720732694,53.9860322485461
554,2086,1720732698,54.889448103005975
555,2087,1720732702,54.24375363535686
556,2088,1720732706,54.2537910971047
557,2089,1720732710,54.23180340290433
558,2090,1720732714,53.37006578768063
559,2091,1720732718,54.094891529137094
560,2092,1720732722,53.188747266789775
561,2093,1720732726,54.33983611446304
562,2094,1720732730,54.88458971518138
563,2095,1720732734,53.99823072320478
564,2096,1720732738,53.34716570579508
565,2097,1720732742,54.44615452166927
566,2098,1720732746,54.70390993187465
567,2099,1720732750,53.91638881633135
568,2100,1720732754,55.21398746408916
569,2101,1720732758,54.03544408846051
570,2102,1720732762,53.753410118736255
571,2103,1720732766,52.98831195062776
572,2104,1720732770,53.98197995694569
573,2105,1720732774,52.7120793806684
574,2106,1720732778,53.326613899405864
575,2107,1720732782,55.094735931100736
576,2108,1720732786,52.79672394119929
577,2109,1720732790,54.09298244271467
578,2110,1720732794,55.006506535574104
579,2111,1720732798,54.70565153500237
580,2112,1720732802,54.66926958982852
581,2113,1720732806,52.90721555385811
582,2114,1720732810,55.12866771858683
583,2115,1720732814,54.566656482501514
584,2116,1720732818,53.192781499135705
585,2117,1720732822,53.75031253267587
586,2118,1720732826,53.29527593424251
587,2119,1720732830,53.681327580840986
588,2120,1720732834,55.084759383460245
589,2121,1720732838,54.418726831447415
590,2122,1720732842,54.01140419351845
591,2123,1720732846,53.405615437745766
592,2124,1720732850,53.52029018954018
593,2125,1720732854,54.30997828994337
594,2126,1720732858,53.92795583910693
595,2127,1720732862,54.41432924661467
596,2128,1720732866,53.68206677483214
597,2129,1720732870,54.32274290054781
598,2130,1720732874,54.88524980113347
599,2131,1720732878,53.11850735177064
600,2132,1720732882,53.41259409270594
601,2133,1720732886,53.39588774240296
602,2134,1720732890,54.591948333538355
603,2135,1720732894,52.85527530494228
604,2136,1720732898,53.62563275037202
605,2137,1720732902,54.35366164301432
606,2138,1720732906,53.22021966001169
607,2139,1720732910,54.14839612675689
608,2140,1720732914,54.855744673947484
609,2141,1720732918,53.844119265288505
610,2142,1720732922,53.18162023884831
611,2143,1720732926,53.87009031424169
612,2144,1720732930,53.7522734931193
613,2145,1720732934,54.383005863294414
614,2146,1720732938,54.045224793271004
615,2147,1720732942,30.676190853342966
616,2148,1720732946,30.249436871778954
617,2149,1720732950,31.593334086365747
618,2150,1720732954,31.59663505249485
619,2151,1720732958,30.88406867683903
620,2152,1720732962,30.64743966549343
621,2153,1720732966,31.43938764130722
622,2154,1720732970,30.546579254214425
623,2155,1720732974,31.704136535817284
624,2156,1720732978,30.64659454412305
625,2157,1720732982,31.30366621060667
626,2158,1720732986,53.50059134319021
627,2159,1720732990,54.79766882399001
628,2160,1720732994,53.20114806267836
629,2161,1720732998,53.709369252313024
630,2162,1720733002,52.53413756990702
631,2163,1720733006,54.470202820357116
632,2164,1720733010,53.46831017137674
633,2165,1720733014,53.87447602465029
634,2166,1720733018,54.0463532802008
635,2167,1720733022,53.34058392512803
636,2168,1720733026,30.125744672538012
637,2169,1720733030,29.716930187417717
638,2170,1720733034,29.704611039243513
639,2171,1720733038,30.20389720700767
640,2172,1720733042,30.44085206239348
641,2173,1720733046,30.902005390339735
642,2174,1720733050,29.543648826705017
643,2175,1720733054,29.015634924970193
644,2176,1720733058,30.37801832107717
645,2177,1720733062,30.156728285798557
646,2178,1720733066,29.63208006000591
647,2179,1720733070,30.551923331100337
648,2180,1720733074,29.805776559904796
649,2181,1720733078,30.311862252034985
650,2182,1720733082,29.006455529589214
651,2183,1720733086,29.649542261320548
652,2184,1720733090,54.83238412452363
653,2185,1720733094,54.25647390969001
654,2186,1720733098,53.879269866551994
655,2187,1720733102,54.36672364511581
656,2188,1720733106,53.99308424023742
657,2189,1720733110,53.27023313276679
658,2190,1720733114,53.90763439028438
659,2191,1720733118,53.474130258639434
660,2192,1720733122,55.06904719852803
661,2193,1720733126,53.88850577452175
662,2194,1720733130,54.41702216410737
663,2195,1720733134,52.966265331283815
664,2196,1720733138,53.995814373726844
665,2197,1720733142,54.93966602691157
666,2198,1720733146,53.75661859508988
667,2199,1720733150,53.80461618496783
668,2200,1720733154,54.06765780815952
669,2201,1720733158,53.03129012631898
670,2202,1720733162,54.66492785309586
671,2203,1720733166,53.063760637041796
672,2204,1720733170,53.84940048604162
673,2205,1720733174,53.83292528467779
674,2206,1720733178,54.42307621014389
675,2207,1720733182,53.774501791629795
676,2208,1720733186,55.05622488642824
677,2209,1720733190,53.94442014897143
678,2210,1720733194,54.31169597704936
679,2211,1720733198,53.96133583355067
680,2212,1720733202,52.45425169767272
681,2213,1720733206,54.4924789046668
682,2214,1720733210,52.81646194541581
683,2215,1720733214,52.8109268634574
684,2216,1720733218,54.50521109169004
685,2217,1720733222,53.53224305681575
686,2218,1720733226,53.98050465263891
687,2219,1720733230,53.26153653021689
688,2220,1720733234,53.39339679031181
689,2221,1720733238,53.067709207732406
690,2222,1720733242,53.39531855779522
691,2223,1720733246,54.26741744901247
692,2224,1720733250,53.87490216166123
693,2225,1720733254,53.545450061664454
694,2226,1720733258,53.15619312640932
695,2227,1720733262,54.22784247100235
696,2228,1720733266,53.86149389536074
697,2229,1720733270,54.42622692294965
698,2230,1720733274,54.2685147021476
699,2231,1720733278,53.07241016307704
700,2232,1720733282,54.90289369333656
701,2233,1720733286,55.349234299035345
702,2234,1720733290,53.91089572329561
703,2235,1720733294,55.3138511327363
704,2236,1720733298,53.948957357611036
705,2237,1720733302,53.0809843038579
706,2238,1720733306,53.16500466200169
707,2239,1720733310,54.05691904059512
708,2240,1720733314,54.41203129156201
709,2241,1720733318,53.53529257154695
710,2242,1720733322,55.318962830850396
711,2243,1720733326,54.47668204838371
712,2244,1720733330,52.7637960079784
713,2245,1720733334,54.43886748320374
714,2246,1720733338,54.316574102161425
715,2247,1720733342,54.463288802847146
716,2248,1720733346,54.416853765381674
717,2249,1720733350,31.53981101516185
718,2250,1720733354,30.873280489051748
719,2251,1720733358,29.702003053983987
720,2252,1720733362,32.13458112394907
721,2253,1720733366,29.951860813340154
722,2254,1720733370,31.253041879481724
723,2255,1720733374,30.29993643945429
724,2256,1720733378,29.977546343869875
725,2257,1720733382,31.150879373122322
726,2258,1720733386,31.971175178474052
727,2259,1720733390,31.00664400043214
728,2260,1720733394,54.31503073358206
729,2261,1720733398,53.91100835980056
730,2262,1720733402,54.024871053110544
731,2263,1720733406,52.88885401734723
732,2264,1720733410,54.11747513500135
733,2265,1720733414,54.45226214957262
734,2266,1720733418,54.64943945385578
735,2267,1720733422,54.35095917337098
736,2268,1720733426,53.778750194015174
737,2269,1720733430,53.68778830613836
738,2270,1720733434,54.54707796510062
739,2271,1720733438,29.669353225613417
740,2272,1720733442,29.104476301487082
741,2273,1720733446,30.749567784933816
742,2274,1720733450,29.454320259088735
743,2275,1720733454,31.704068975318403
744,2276,1720733458,30.074545235102978
745,2277,1720733462,30.679121665676973
746,2278,1720733466,30.668304358458542
747,2279,1720733470,30.799862539793377
748,2280,1720733474,30.857264463125354
749,2281,1720733478,29.43078018053991
750,2282,1720733482,28.06122932617062
751,2283,1720733486,30.03007613061953
752,2284,1720733490,31.3569464035413
753,2285,1720733494,30.14830274283845
754,2286,1720733498,29.280297702658906
755,2287,1720733502,54.75010868722879
756,2288,1720733506,54.01745144623477
757,2289,1720733510,53.91697149241912
758,2290,1720733514,54.42978091066924
759,2291,1720733518,54.70021817999234
760,2292,1720733522,53.75046701192218
761,2293,1720733526,53.871913460375836
762,2294,1720733530,54.221260550633666
763,2295,1720733534,53.862832029022755
764,2296,1720733538,54.358445463535844
765,2297,1720733542,54.39307246346998
766,2298,1720733546,52.99283400080361
767,2299,1720733550,53.7208571438954
768,2300,1720733554,53.21524230330131
769,2301,1720733558,54.15856193464681
770,2302,1720733562,53.69167656076189
771,2303,1720733566,53.66258774221192
772,2304,1720733570,52.426454363832086
773,2305,1720733574,54.26560612236781
774,2306,1720733578,54.57359294340858
775,2307,1720733582,54.33989561813643
776,2308,1720733586,54.26289585530302
777,2309,1720733590,54.19374098218415
778,2310,1720733594,53.93079758068099
779,2311,1720733598,54.26768419798515
780,2312,1720733602,46.185400876516624
781,2312,1720733602,46.185400876516624
782,2313,1720733606,45.97832653983114
783,2313,1720733606,45.97832653983114
784,2314,1720733610,47.52457672738101
785,2314,1720733610,47.52457672738101
786,2315,1720733614,47.496558656169995
787,2316,1720733618,53.991690261554645
788,2317,1720733622,53.68807386334491
789,2318,1720733626,54.331247183582455
790,2319,1720733630,55.27371686168985
791,2320,1720733634,53.88679883549223
792,2321,1720733638,53.52523458759322
793,2322,1720733642,53.08014423684179
794,2323,1720733646,54.510926914507756
795,2324,1720733650,53.65678311969994
796,2325,1720733654,53.66990322093157
797,2326,1720733658,54.02787057841449
798,2327,1720733662,53.414173424176546
799,2328,1720733666,53.25801907109518
800,2329,1720733670,54.010581001064295
801,2330,1720733674,53.541625385549295
802,2331,1720733678,54.7788862601128
803,2332,1720733682,54.08882783438506
804,2333,1720733686,52.955916622154604
805,2334,1720733690,53.69590226162815
806,2335,1720733694,53.2732060982342
807,2336,1720733698,53.816234950024864
808,2337,1720733702,53.42278010684797
809,2338,1720733706,55.165690537457905
810,2339,1720733710,53.10517215300685
811,2340,1720733714,53.41550769581107
812,2341,1720733718,54.224920727628415
813,2342,1720733722,52.52136711610719
814,2343,1720733726,53.27054300081868
815,2344,1720733730,53.681013142181854
816,2345,1720733734,52.207578467952885
817,2346,1720733738,53.318048251341985
818,2347,1720733742,54.2819563090495
819,2348,1720733746,53.5468057737654
820,2349,1720733750,52.933134641142104
821,2350,1720733754,30.668243876028473
822,2351,1720733758,30.196018173504193
823,2352,1720733762,31.044839982094732
824,2353,1720733766,31.358634347284283
825,2354,1720733770,31.05999223623684
826,2355,1720733774,31.22048638577316
827,2356,1720733778,30.51660139984114
828,2357,1720733782,30.978726876605492
829,2358,1720733786,31.03712676779071
830,2359,1720733790,31.18116074167841
831,2360,1720733794,31.100961437490184
832,2361,1720733798,30.247501427238653
833,2362,1720733802,30.643652840782224
834,2363,1720733806,31.482615432550297
835,2364,1720733810,30.845530152200368
836,2365,1720733814,52.951928953917374
837,2366,1720733818,55.054577639448894
838,2367,1720733822,55.50899089996204
839,2368,1720733826,53.830413434246964
840,2369,1720733830,53.81773268485601
841,2370,1720733834,54.43979089339372
842,2371,1720733838,54.01531610324933
843,2372,1720733842,54.092474080801736
844,2373,1720733846,30.36903652918766
845,2374,1720733850,30.728529969787466
846,2375,1720733854,30.253698933462083
847,2376,1720733858,31.026725143575867
848,2377,1720733862,30.642248905202116
849,2378,1720733866,30.695583933726095
850,2379,1720733870,30.21994827963985
851,2380,1720733874,30.90105582015284
852,2381,1720733878,29.033621648887475
853,2382,1720733882,29.749949825894703
854,2383,1720733886,29.5059531600415
855,2384,1720733890,29.817446577824143
856,2385,1720733894,30.398045303995552
857,2386,1720733898,30.242206987633338
858,2387,1720733902,30.69481431773883
859,2388,1720733906,29.176516239774365
860,2389,1720733910,30.518669155990583
861,2390,1720733914,29.81994579741567
862,2391,1720733918,30.293926479763897
863,2392,1720733922,53.7810157411041
864,2393,1720733926,53.75580456574007
865,2394,1720733930,54.86217930636441
866,2395,1720733934,54.590803810360825
867,2396,1720733938,53.57418146460074
868,2397,1720733942,54.14704889781651
869,2398,1720733946,53.27674236853316
870,2399,1720733950,52.744521305651574
871,2400,1720733954,53.72702342106809
872,2401,1720733958,54.57516294011815
873,2402,1720733962,53.74821535270241
874,2403,1720733966,54.28518412185699
875,2404,1720733970,54.17068331270746
876,2405,1720733974,53.58967023468852
877,2406,1720733978,53.56129166801642
878,2407,1720733982,55.85556685151634
879,2408,1720733986,54.29858992241786
880,2409,1720733990,53.16247703777614
881,2410,1720733994,53.9937284211032
882,2411,1720733998,54.98462562188391
883,2412,1720734002,53.83889882628787
884,2413,1720734006,53.43442625028769
885,2414,1720734010,52.70911908403723
886,2415,1720734014,54.259907301315074
887,2416,1720734018,54.23575718004575
888,2417,1720734022,54.637846453691154
889,2418,1720734026,53.75374662289374
890,2419,1720734030,53.78934071955577
891,2420,1720734034,54.049445935680325
892,2421,1720734038,53.547302056400525
893,2422,1720734042,54.02433801137562
894,2423,1720734046,53.8814232525918
895,2424,1720734050,54.450632114324506
896,2425,1720734054,53.859141129188046
897,2426,1720734058,53.355432875662686
898,2427,1720734062,53.74039142897349
899,2428,1720734066,53.038943316651
900,2429,1720734070,53.44171692420685
901,2430,1720734074,53.53585680557512
902,2431,1720734078,52.73903032558092
903,2432,1720734082,54.85667900684951
904,2433,1720734086,53.90060071844768
905,2434,1720734090,53.62242624892638
906,2435,1720734094,53.98032834480251
907,2436,1720734098,54.00097342515167
908,2437,1720734102,54.6952649669661
909,2438,1720734106,53.906832827468634
910,2439,1720734110,52.945120263562025
911,2440,1720734114,54.66647975508182
912,2441,1720734118,52.7374763146899
913,2442,1720734122,54.710111764527845
914,2443,1720734126,54.52841537889286
915,2444,1720734130,53.22532550968329
916,2445,1720734134,52.649482476079804
917,2446,1720734138,53.71360494920934
918,2447,1720734142,54.16295748933055
919,2448,1720734146,53.43453902478163
920,2449,1720734150,55.82675430772224
921,2450,1720734154,54.28199757206412
922,2451,1720734158,53.60121264814242
923,2452,1720734162,31.36403095378444
924,2453,1720734166,29.883714179964556
925,2454,1720734170,31.58483056351202
926,2455,1720734174,30.404518823658513
927,2456,1720734178,31.5291935097492
928,2457,1720734182,30.97084426849355
929,2458,1720734186,31.35556286176846
930,2459,1720734190,30.580571284304085
931,2460,1720734194,31.46457016309413
932,2461,1720734198,30.734048995803693
933,2462,1720734202,30.766929305598097
934,2463,1720734206,30.72346532010949
935,2464,1720734210,31.27444091139248
936,2465,1720734214,31.453403400353057
937,2466,1720734218,31.1077904347603
938,2467,1720734222,31.811396526949302
939,2468,1720734226,54.56535686348958
940,2469,1720734230,52.387306792124356
941,2470,1720734234,54.46074124434061
942,2471,1720734238,54.45637677905293
943,2472,1720734242,54.458653550556875
944,2473,1720734246,53.86504182986788
945,2474,1720734250,53.6075213171166
946,2475,1720734254,54.603163914639
947,2476,1720734258,29.372137445089805
948,2477,1720734262,29.59083798889686
949,2478,1720734266,30.88672920583004
950,2479,1720734270,30.342608746674
951,2480,1720734274,29.43406951551904
952,2481,1720734278,30.799942214197472
953,2482,1720734282,30.242629310151905
954,2483,1720734286,29.867330810649012
955,2484,1720734290,29.958489416616572
956,2485,1720734294,29.730853430982926
957,2486,1720734298,29.466008734628094
958,2487,1720734302,29.31520811108543
959,2488,1720734306,29.6973636870066
960,2489,1720734310,30.042133120618864
961,2490,1720734314,30.053865280206466
962,2491,1720734318,30.736381297188387
963,2492,1720734322,29.710078788917436
964,2493,1720734326,29.519748183170098
965,2494,1720734330,55.4859957352034
966,2495,1720734334,54.59685433729135
967,2496,1720734338,54.60645241517822
968,2497,1720734342,54.96725740745464
969,1,1720734360,45.11054454192413
970,2,1720734364,45.111634933430494
971,3,1720734368,45.10667821070837
972,4,1720734372,45.02982224581634
973,5,1720734376,45.21479866219681
974,6,1720734380,45.85665574180145
975,7,1720734384,44.80394424273581
976,8,1720734388,45.27016652947575
977,9,1720734392,46.14932282022122
978,10,1720734396,45.17361581595432
979,11,1720734400,44.44273579158636
980,12,1720734404,44.083648906219
981,13,1720734408,44.33924725808454
982,14,1720734412,44.56268729253947
983,15,1720734416,44.43112697929324
984,16,1720734420,45.899842199524265
985,17,1720734424,46.28648095284189
986,18,1720734428,45.391714381232326
987,19,1720734432,46.01548319310555
988,20,1720734436,44.58582347210479
989,21,1720734440,45.359440721264065
990,22,1720734444,45.79355857484114
991,23,1720734448,43.883397342895975
992,24,1720734452,44.78750407583614
993,25,1720734456,44.84942396775952
994,26,1720734460,44.30286930434218
995,27,1720734464,44.9214784624823
996,28,1720734468,45.83863455804135
997,29,1720734472,45.108063737740835
998,30,1720734476,44.36423181852193
999,31,1720734480,44.74990579842729
1000,32,1720734484,45.78398081415827
1001,33,1720734488,44.883195791598396
1002,34,1720734492,46.31160377827007
1003,35,1720734496,45.62881162425731
1004,36,1720734500,44.600775694164604
1005,37,1720734504,45.99396038385075
1006,38,1720734508,45.84482389641235
1007,39,1720734512,45.557915341542454
1008,40,1720734516,43.86039572275096
1009,41,1720734520,45.2430969472789
1010,42,1720734524,45.21287091064483
1011,43,1720734528,44.69586572951398
1012,44,1720734532,46.01571232388214
1013,45,1720734536,44.58371330140938
1014,46,1720734540,45.48983882847075
1015,47,1720734544,45.46593304243455
1016,48,1720734548,45.514181145603246
1017,49,1720734552,43.89168313789135
1018,50,1720734556,45.53278598248219
1019,51,1720734560,43.813186098967606
1020,52,1720734564,44.75932040570334
1021,53,1720734568,44.18210837233845
1022,54,1720734572,44.110984100501234
1023,55,1720734576,45.01301803043215
1024,56,1720734580,44.81109418668948
1025,57,1720734584,44.8323622993855
1026,58,1720734588,44.480945134204234
1027,59,1720734592,44.00154630172193
1028,60,1720734596,44.291627547650116
1029,61,1720734600,44.20489021188361
1030,62,1720734604,43.578862832113174
1031,63,1720734608,44.55116111622956
1032,64,1720734612,44.93598024698869
1033,65,1720734616,44.38470131382255
1034,66,1720734620,45.26847902035047
1035,67,1720734624,43.8312095395073
1036,68,1720734628,45.086427543182936
1037,69,1720734632,45.43827768189739
1038,70,1720734636,45.503628643735915
1039,71,1720734640,43.96326748815131
1040,72,1720734644,17.44193546967692
1041,73,1720734648,17.24612512009027
1042,74,1720734652,17.70422021267365
1043,75,1720734656,17.43503192430266
1044,76,1720734660,18.066191650574083
1045,77,1720734664,16.90510310630698
1046,78,1720734668,16.795333448045458
1047,79,1720734672,16.912956661165715
1048,80,1720734676,16.811019156799368
1049,81,1720734680,16.45045713528072
1050,82,1720734684,16.69537515122317
1051,83,1720734688,17.013398263102072
1052,84,1720734692,17.64734847579898
1053,85,1720734696,16.748228039496933
1054,86,1720734700,16.882876807761154
1055,87,1720734704,16.4389603105854
1056,88,1720734708,17.388094907532402
1057,89,1720734712,44.010133802498885
1058,90,1720734716,44.99711828382973
1059,91,1720734720,44.533603545606056
1060,92,1720734724,45.079422354401785
1061,93,1720734728,46.732441818268605
1062,94,1720734732,45.27011680915587
1063,95,1720734736,44.39152808557513
1064,96,1720734740,44.80841266104265
1065,97,1720734744,44.367526920322476
1066,98,1720734748,44.98887218658099
1067,99,1720734752,44.664629909786825
1068,100,1720734756,45.8499891495817
1069,101,1720734760,44.52902276563775
1070,102,1720734764,46.14513397687273
1071,103,1720734768,44.86218297381501
1072,104,1720734772,43.725643832375326
1073,105,1720734776,45.8029828598948
1074,106,1720734780,44.972038838068215
1075,107,1720734784,45.20068062641657
1076,108,1720734788,45.29683321384549
1077,109,1720734792,45.171329054933786
1078,110,1720734796,45.30317653160073
1079,111,1720734800,44.603600892730796
1080,112,1720734804,45.845305142709016
1081,113,1720734808,44.62362105485717
1082,114,1720734812,45.896045381779686
1083,115,1720734816,45.18904713458601
1084,116,1720734820,44.81907249311864
1085,117,1720734824,44.75765805406551
1086,118,1720734828,43.859621003661076
1087,119,1720734832,44.41094747241331
1088,120,1720734836,45.08451330869303
1089,121,1720734840,45.203211620797916
1090,122,1720734844,44.44908897608628
1091,123,1720734848,45.314653893471274
1092,124,1720734852,46.507920161656756
1093,125,1720734856,45.069481845709234
1094,126,1720734860,44.62361844244731
1095,127,1720734864,44.7576016045419
1096,128,1720734868,44.844134795625436
1097,129,1720734872,44.178116039060555
1098,130,1720734876,44.28624211240118
1099,131,1720734880,44.59042681846299
1100,132,1720734884,44.78573024127256
1101,133,1720734888,45.260114325428475
1102,134,1720734892,44.85866034636041
1103,135,1720734896,45.08672757335354
1104,136,1720734900,44.400835775337896
1105,137,1720734904,46.73366751785875
1106,138,1720734908,45.854860898617076
1107,139,1720734912,45.02515928176004
1108,140,1720734916,45.28146854820942
1109,141,1720734920,44.03617478510057
1110,142,1720734924,43.48679754397237
1111,143,1720734928,46.3260149701012
1112,144,1720734932,45.36967948224434
1113,145,1720734936,44.813765486743236
1114,146,1720734940,44.417640252825635
1115,147,1720734944,44.942858657114286
1116,148,1720734948,47.4498578530385
1117,149,1720734952,44.26020925386193
1118,150,1720734956,45.01832935576928
1119,151,1720734960,45.44234750033412
1120,152,1720734964,45.02952165620076
1121,153,1720734968,44.74690706597437
1122,154,1720734972,44.97625623563226
1123,155,1720734976,44.817395984046584
1124,156,1720734980,44.36735345704459
1125,157,1720734984,44.92894644717602
1126,158,1720734988,46.60798863671744
1127,159,1720734992,16.11904724858367
1128,160,1720734996,17.686575451009446
1129,161,1720735000,17.20119114404809
1130,162,1720735004,17.051743843792586
1131,163,1720735008,16.83367022595835
1132,164,1720735012,16.3247996791507
1133,165,1720735016,17.36542758915083
1134,166,1720735020,17.669342043770293
1135,167,1720735024,16.40140874084075
1136,168,1720735028,17.626555999724395
1137,169,1720735032,17.4486325017927
1138,170,1720735036,16.157660012762253
1139,171,1720735040,16.894037877105802
1140,172,1720735044,17.705631601813955
1141,173,1720735048,17.814060791460683
1142,174,1720735052,44.154718137089034
1143,175,1720735056,44.91027342852135
1144,176,1720735060,45.59331578134062
1145,177,1720735064,45.78238386011945
1146,178,1720735068,44.93624475162326
1147,179,1720735072,45.06171321143056
1148,180,1720735076,44.77750023713958
1149,181,1720735080,43.809965209566165
1150,182,1720735084,45.41335957547728
1151,183,1720735088,44.39331038812023
1152,184,1720735092,44.78377439530004
1153,185,1720735096,44.688681999892054
1154,186,1720735100,44.20005256535933
1155,187,1720735104,45.0979423407381
1156,188,1720735108,44.01232424046029
1157,189,1720735112,44.466215033362396
1158,190,1720735116,45.16123161253872
1159,191,1720735120,44.85042860761797
1160,192,1720735124,44.74636751022868
1161,193,1720735128,43.67495100064784
1162,194,1720735132,44.66927646856273
1163,195,1720735136,44.61194052813731
1164,196,1720735140,45.476557922844684
1165,197,1720735144,44.98652887167365
1166,198,1720735148,45.05993602518128
1167,199,1720735152,44.99690804590472
1168,200,1720735156,44.382272514640746
1169,201,1720735160,34.852825484654325
1170,202,1720735164,35.74027445090261
1171,203,1720735168,35.563082945618646
1172,204,1720735172,35.88213607306071
1173,205,1720735176,45.841752618120225
1174,206,1720735180,44.30477189761433
1175,207,1720735184,47.124703699290336
1176,208,1720735188,45.98251443664315
1177,209,1720735192,45.44671004519488
1178,210,1720735196,43.74601785655829
1179,211,1720735200,45.018663392604324
1180,212,1720735204,44.817008795239076
1181,213,1720735208,45.53780272350342
1182,214,1720735212,44.57966311185687
1183,215,1720735216,46.07269618468469
1184,216,1720735220,44.20035676073384
1185,217,1720735224,45.740376023721225
1186,218,1720735228,44.490247073159104
1187,219,1720735232,44.670659303463694
1188,220,1720735236,45.32146068683967
1189,221,1720735240,44.93338874135861
1190,222,1720735244,44.645830227851825
1191,223,1720735248,44.9920742903858
1192,224,1720735252,45.35015557341838
1193,225,1720735256,44.37944919746778
1194,226,1720735260,44.426831126611475
1195,227,1720735264,45.53096090664056
1196,228,1720735268,44.54485635331275
1197,229,1720735272,45.48054200052324
1198,230,1720735276,44.97939617807281
1199,231,1720735280,44.91986220893625
1200,232,1720735284,45.79330340947918
1201,233,1720735288,45.356756900242885
1202,234,1720735292,46.042084585401696
1203,235,1720735296,44.797101559929956
1204,236,1720735300,45.840715991780826
1205,237,1720735304,44.68410757695744
1206,238,1720735308,43.89771886096575
1207,239,1720735312,45.64657000650141
1208,240,1720735316,45.98278461981073
1209,241,1720735320,46.40077709865531
1210,242,1720735324,44.054830011634465
1211,243,1720735328,16.792077866483407
1212,244,1720735332,16.57548518611548
1213,245,1720735336,16.777479025119344
1214,246,1720735340,17.013015349982027
1215,247,1720735344,17.105468481382715
1216,248,1720735348,17.43160783009872
1217,249,1720735352,16.335518210024603
1218,250,1720735356,16.969791084742386
1219,251,1720735360,17.29685324278421
1220,252,1720735364,16.760306900044526
1221,253,1720735368,18.084633069845342
1222,254,1720735372,16.29093805854083
1223,255,1720735376,17.04963405453653
1224,256,1720735380,16.674215927774238
1225,257,1720735384,18.07656132320197
1226,258,1720735388,17.274074395330928
1227,259,1720735392,16.795401580124718
1228,260,1720735396,18.07829454496212
1229,261,1720735400,17.07172261799249
1230,262,1720735404,44.307470764647476
1231,263,1720735408,45.37347313866994
1232,264,1720735412,44.526462662045816
1233,265,1720735416,44.25703341995097
1234,266,1720735420,44.07472733591318
1235,267,1720735424,43.289383382068095
1236,268,1720735428,45.13684651436073
1237,269,1720735432,44.05392984049297
1238,270,1720735436,45.15662194872378
1239,271,1720735440,45.7982755800155
1240,272,1720735444,46.23082874234909
1241,273,1720735448,45.54101610470845
1242,274,1720735452,45.39407425276362
1243,275,1720735456,44.411014796284334
1244,276,1720735460,45.69832177436864
1245,277,1720735464,45.17908412446099
1246,278,1720735468,44.80827227245433
1247,279,1720735472,46.41392840208863
1248,280,1720735476,44.600028909594826
1249,281,1720735480,44.37258890987803
1250,282,1720735484,44.044193545162095
1251,283,1720735488,45.577766667104655
1252,284,1720735492,44.239043587251935
1253,285,1720735496,45.38913198410387
1254,286,1720735500,45.24343550542483
1255,287,1720735504,44.08740770724026
1256,288,1720735508,37.88947307812926
1257,289,1720735512,38.72806433570753
1258,290,1720735516,37.809303338307416
1259,291,1720735520,47.24389629585632
1260,292,1720735524,44.98905655966911
1261,293,1720735528,44.37778765541305
1262,294,1720735532,45.77114421954773
1263,295,1720735536,44.762244429691975
1264,296,1720735540,44.62062445454289
1265,297,1720735544,46.18688148050538
1266,298,1720735548,45.63197796078292
1267,299,1720735552,44.2380220354905
1268,300,1720735556,44.798327544939305
1269,301,1720735560,44.79718713241304
1270,302,1720735564,44.98261197986116
1271,303,1720735568,44.75127859929311
1272,304,1720735572,44.297809613500085
1273,305,1720735576,44.217638849906024
1274,306,1720735580,46.10508808923005
1275,307,1720735584,44.47326867200885
1276,308,1720735588,45.810794423890016
1277,309,1720735592,44.14505736518299
1278,310,1720735596,45.125889499248245
1279,311,1720735600,44.610329493143155
1280,312,1720735604,44.817919753388566
1281,313,1720735608,44.63925083077078
1282,314,1720735612,44.73239254199859
1283,315,1720735616,44.55318755071118
1284,316,1720735620,45.631178881674956
1285,317,1720735624,45.185327627934996
1286,318,1720735628,44.293678971854085
1287,319,1720735632,45.706514191857735
1288,320,1720735636,44.05052288571304
1289,321,1720735640,45.33363598284426
1290,322,1720735644,44.024344203941
1291,323,1720735648,45.43822567064449
1292,324,1720735652,44.999890465615124
1293,325,1720735656,45.198583811488675
1294,326,1720735660,44.41790139274441
1295,327,1720735664,46.13721068128425
1296,328,1720735668,44.68920044168002
1297,329,1720735672,44.465004505456534
1298,330,1720735676,45.43359214463136
1299,331,1720735680,17.24286799380133
1300,332,1720735684,16.4398497344007
1301,333,1720735688,16.735694520935418
1302,334,1720735692,16.864104168532894
1303,335,1720735696,17.238262893765814
1304,336,1720735700,16.47611287190876
1305,337,1720735704,16.659276850384522
1306,338,1720735708,16.457437693548187
1307,339,1720735712,17.149013363706047
1308,340,1720735716,17.584459727066864
1309,341,1720735720,16.616119961981084
1310,342,1720735724,16.65910508225011
1311,343,1720735728,16.901223258327583
1312,344,1720735732,16.940233885424693
1313,345,1720735736,17.499328707462617
1314,346,1720735740,17.374102757885144
1315,347,1720735744,16.692706464476103
1316,348,1720735748,18.07100365138681
1317,349,1720735752,44.58348915935382
1318,350,1720735756,45.49122862073872
1319,351,1720735760,44.98964626041844
1320,352,1720735764,45.173497786302974
1321,353,1720735768,44.920136704284914
1322,354,1720735772,44.37645371102309
1323,355,1720735776,44.85674224919543
1324,356,1720735780,44.66792459299455
1325,357,1720735784,44.22103520520609
1326,358,1720735788,45.65379509652398
1327,359,1720735792,45.738083268235954
1328,360,1720735796,43.881658758515144
1329,361,1720735800,44.671360032671146
1330,362,1720735804,44.899652569239066
1331,363,1720735808,45.86619510312555
1332,364,1720735812,44.57476332574548
1333,365,1720735816,45.806474643534
1334,366,1720735820,45.30600331336673
1335,367,1720735824,44.25499237950024
1336,368,1720735828,44.34450218802131
1337,369,1720735832,45.076100684240885
1338,370,1720735836,44.51722689180323
1339,371,1720735840,45.87215617838481
1340,372,1720735844,45.993441956682396
1341,373,1720735848,45.70476654176598
1342,374,1720735852,45.5576337022643
1343,375,1720735856,44.00973345987127
1344,376,1720735860,44.30967544813571
1345,377,1720735864,45.375351861428854
1346,378,1720735868,45.17169159121497
1347,379,1720735872,45.35341955687693
1348,380,1720735876,44.82703127139068
1349,381,1720735880,44.471291769420944
1350,382,1720735884,44.69548923456526
1351,383,1720735888,44.87798008415456
1352,384,1720735892,45.756697340380164
1353,385,1720735896,46.19142153736539
1354,386,1720735900,44.63870845823707
1355,387,1720735904,44.89013138833617
1356,388,1720735908,46.18072559879391
1357,389,1720735912,44.62591933244231
1358,390,1720735916,45.74340127376743
1359,391,1720735920,45.12563671394949
1360,392,1720735924,45.60264486070135
1361,393,1720735928,44.51478818085552
1362,394,1720735932,45.73999605949325
1363,395,1720735936,45.20764170438694
1364,396,1720735940,44.93207101706466
1365,397,1720735944,45.87556454730978
1366,398,1720735948,45.07865344786225
1367,399,1720735952,43.95443671761535
1368,400,1720735956,45.36373178784832
1369,401,1720735960,44.86296576314187
1370,402,1720735964,45.036664472833664
1371,403,1720735968,44.91631087530068
1372,404,1720735972,43.72814438595491
1373,405,1720735976,46.058599482101584
1374,406,1720735980,44.70730572255354
1375,407,1720735984,43.96864682343494
1376,408,1720735988,45.54513090560694
1377,409,1720735992,44.1912273702177
1378,410,1720735996,45.21651478060632
1379,411,1720736000,45.22505751815335
1380,412,1720736004,44.95151176000564
1381,413,1720736008,45.2170826103977
1382,414,1720736012,45.59104388652503
1383,415,1720736016,45.90225278381936
1384,416,1720736020,44.83503001072361
1385,417,1720736024,16.987764712556693
1386,418,1720736028,17.258466281060436
1387,419,1720736032,17.424144960368665
1388,420,1720736036,17.055141705360125
1389,421,1720736040,16.914832445315646
1390,422,1720736044,16.93906682181586
1391,423,1720736048,16.44741735035373
1392,424,1720736052,17.175911802401117
1393,425,1720736056,17.42462361048296
1394,426,1720736060,16.867973060746195
1395,427,1720736064,17.016705503452364
1396,428,1720736068,17.324980345932815
1397,429,1720736072,17.547908473949757
1398,430,1720736076,17.40471644698424
1399,431,1720736080,17.21043228492655
1400,432,1720736084,16.591975994173282
1401,433,1720736088,17.26743564179849
1402,434,1720736092,17.974463401546902
1403,435,1720736096,16.139156037756504
1404,436,1720736100,17.380284542238144
1405,437,1720736104,44.62282529776723
